{
  "x_before": {
    "n": 50000,
    "mass": 50000.0,
    "mean": -1.1325536301605457e-06,
    "sigma": 0.0009941553735920681,
    "skew": 0.02975713768532118,
    "kurt": 1.495843740791823,
    "entropy": 0.0
  },
  "x_after": {
    "n": 50000,
    "mass": 50000.0,
    "mean": -0.0033125228900509796,
    "sigma": 0.8089954735024816,
    "skew": 0.003611838964076056,
    "kurt": 1.4140209110366964,
    "entropy": 0.0
  },
  "y_before": {
    "n": 50000,
    "mass": 50000.0,
    "mean": 5.3812497713595965e-06,
    "sigma": 0.001000445107520661,
    "skew": 0.016789319853957287,
    "kurt": 1.5116197446020407,
    "entropy": 0.0
  },
  "y_after": {
    "n": 50000,
    "mass": 50000.0,
    "mean": -0.0006749597454767901,
    "sigma": 0.8055440612121888,
    "skew": 0.004097913135145517,
    "kurt": 1.4252391112913168,
    "entropy": 0.0
  },
  "zeta_before": {
    "n": 50000,
    "mass": 50000.0,
    "mean": -3.5617738487536386e-06,
    "sigma": 0.0010019714588359741,
    "skew": 0.0008341475476411018,
    "kurt": 1.4996996638259923,
    "entropy": 0.0
  },
  "zeta_after": {
    "n": 50000,
    "mass": 50000.0,
    "mean": -0.0010306743189964643,
    "sigma": 0.11596760813763404,
    "skew": -1.5638428244677935,
    "kurt": 348.80334007433464,
    "entropy": 0.0
  },
  "px_before": {
    "n": 50000,
    "mass": 50000.0,
    "mean": -2.114845444332555e-06,
    "sigma": 0.0010043707176686856,
    "skew": 0.008443445369519556,
    "kurt": 1.515001563142446,
    "entropy": 0.0
  },
  "px_after": {
    "n": 50000,
    "mass": 50000.0,
    "mean": -2.114845444332554e-06,
    "sigma": 0.0010043707176686856,
    "skew": 0.008443445369519558,
    "kurt": 1.515001563142446,
    "entropy": 0.0
  },
  "py_before": {
    "n": 50000,
    "mass": 50000.0,
    "mean": 2.2436085880417158e-06,
    "sigma": 0.0009977209498445304,
    "skew": 0.018475415911499725,
    "kurt": 1.5065895869471848,
    "entropy": 0.0
  },
  "py_after": {
    "n": 50000,
    "mass": 50000.0,
    "mean": 2.243608588041715e-06,
    "sigma": 0.0009977209498445304,
    "skew": 0.01847541591149973,
    "kurt": 1.5065895869471846,
    "entropy": 0.0
  },
  "delta_before": {
    "n": 50000,
    "mass": 50000.0,
    "mean": -5.3267934642793143e-08,
    "sigma": 0.00010053916851986936,
    "skew": -0.0024078530305787684,
    "kurt": 0.0003099956678586432,
    "entropy": 0.0
  },
  "delta_after": {
    "n": 50000,
    "mass": 50000.0,
    "mean": 0.0013519529628417929,
    "sigma": 0.00010088294642172947,
    "skew": -0.032061296067959044,
    "kurt": 0.0003087925750710085,
    "entropy": 0.0
  },
  "lambda_before": {
    "mass": 1.003921568626937,
    "mean": -3.5027450980356222e-06,
    "sigma": 0.0010059455867728537,
    "skew": 0.0010543474197723449,
    "kurt": 1.5116630708983476,
    "entropy": -5.484898804152494
  },
  "lambda_after": {
    "mass": 1.003921568622007,
    "mean": -5.9961540218654306e-05,
    "sigma": 0.002885388116648443,
    "skew": 0.040341973088392775,
    "kurt": 1.790300690153295,
    "entropy": -4.625833745756279
  }
}