{
  "mass": {
    "true_mean": 1.0000000278811414,
    "pred_mean": 0.994574289587626,
    "true_std": 2.0052274353490676e-08,
    "pred_std": 0.0067908564727975984,
    "mae": 0.005999604523916039,
    "rmse": 0.00869220099046982
  },
  "mean_zeta": {
    "true_mean": -3.969899173399006e-05,
    "pred_mean": 5.588956838105833e-06,
    "true_std": 0.000148709990550602,
    "pred_std": 3.427368643960252e-06,
    "mae": 0.00011222729227548933,
    "rmse": 0.0001550157111702815
  },
  "sigma_zeta": {
    "true_mean": 0.0028841349923695455,
    "pred_mean": 0.002875705667201015,
    "true_std": 7.094067357344784e-05,
    "pred_std": 2.4625424116205596e-06,
    "mae": 5.553689493179435e-05,
    "rmse": 7.046796770662538e-05
  },
  "skew": {
    "true_mean": 0.014000168126554692,
    "pred_mean": -0.0027909958929997624,
    "true_std": 0.07213548402290997,
    "pred_std": 0.0021727496445144976,
    "mae": 0.057438730094762754,
    "rmse": 0.07409279384718784
  },
  "kurt": {
    "true_mean": 1.7755248549344127,
    "pred_mean": 1.7854139725224467,
    "true_std": 0.054910599412073186,
    "pred_std": 0.0027600346183142537,
    "mae": 0.04491522918700776,
    "rmse": 0.05519932330136461
  },
  "entropy": {
    "true_mean": -5.331325612184183,
    "pred_mean": -4.605392314056332,
    "true_std": 0.1525721169917689,
    "pred_std": 5.4831672866139614e-05,
    "mae": 0.7259332981278507,
    "rmse": 0.7417943358036432
  }
}