{
  "mass": {
    "true_mean": 0.999999982057249,
    "pred_mean": 0.997667476875295,
    "true_std": 4.552245306351282e-09,
    "pred_std": 0.011811031449846505,
    "mae": 0.008883897859207315,
    "rmse": 0.012039146987116691
  },
  "mean_zeta": {
    "true_mean": -1.0063401555320349e-05,
    "pred_mean": -9.064284168420701e-06,
    "true_std": 3.795928547534213e-05,
    "pred_std": 3.809720724625144e-05,
    "mae": 1.1933532295568421e-05,
    "rmse": 1.6010175466921016e-05
  },
  "sigma_zeta": {
    "true_mean": 0.0012776518272246224,
    "pred_mean": 0.0012733601604377628,
    "true_std": 0.0003112806527188971,
    "pred_std": 0.0003020853671931152,
    "mae": 3.4042548318286477e-05,
    "rmse": 4.098252439322236e-05
  },
  "skew": {
    "true_mean": -0.004924571196455276,
    "pred_mean": 0.05723352547058835,
    "true_std": 0.07650716454710003,
    "pred_std": 0.08939025687196707,
    "mae": 0.07143780435077485,
    "rmse": 0.09596010247770327
  },
  "kurt": {
    "true_mean": 2.014054358299644,
    "pred_mean": 2.0070106208123795,
    "true_std": 0.7073738748486249,
    "pred_std": 0.556059290561178,
    "mae": 0.16768373934423722,
    "rmse": 0.25388531382480695
  },
  "entropy": {
    "true_mean": -5.390556049786886,
    "pred_mean": -5.296229709924626,
    "true_std": 0.20034727563340024,
    "pred_std": 0.2001595704346627,
    "mae": 0.09432633986225966,
    "rmse": 0.09740231778431487
  }
}