{
  "mass": {
    "true_mean": 1.0000000263953757,
    "pred_mean": 0.9981552078709128,
    "true_std": 6.9944248391785315e-09,
    "pred_std": 0.0033482293687294748,
    "mae": 0.0030518973710292204,
    "rmse": 0.003822826100388928
  },
  "mean_zeta": {
    "true_mean": -8.15396201823667e-06,
    "pred_mean": -1.0467928744046826e-05,
    "true_std": 1.1961496487051649e-05,
    "pred_std": 1.2154684003086158e-05,
    "mae": 7.2176300169359305e-06,
    "rmse": 8.61229954355002e-06
  },
  "sigma_zeta": {
    "true_mean": 0.0012497911135520379,
    "pred_mean": 0.0012489759908433332,
    "true_std": 0.00028484342220386704,
    "pred_std": 0.0002824735521863058,
    "mae": 2.3644457300017653e-05,
    "rmse": 2.9990163719681606e-05
  },
  "skew": {
    "true_mean": -0.004048209496123148,
    "pred_mean": 0.004005940374235737,
    "true_std": 0.03273855272991253,
    "pred_std": 0.02045675757341692,
    "mae": 0.02068864515101292,
    "rmse": 0.028160351840654647
  },
  "kurt": {
    "true_mean": 2.0415874788140753,
    "pred_mean": 2.0398928341220888,
    "true_std": 0.7211819354202968,
    "pred_std": 0.7153086781346931,
    "mae": 0.0700480409562709,
    "rmse": 0.0899142121900855
  },
  "entropy": {
    "true_mean": -5.335726219958495,
    "pred_mean": -5.308475735348486,
    "true_std": 0.1876669274343131,
    "pred_std": 0.18731095954617635,
    "mae": 0.0369080451764733,
    "rmse": 0.038866773629511256
  }
}