{
  "mass": {
    "true_mean": 1.0000000281587118,
    "pred_mean": 1.0109814275364164,
    "true_std": 7.695829750255605e-09,
    "pred_std": 0.01584383584563042,
    "mae": 0.016867766749993875,
    "rmse": 0.019277404675855446
  },
  "mean_zeta": {
    "true_mean": -1.378262049252213e-05,
    "pred_mean": 3.978769891881529e-06,
    "true_std": 4.3961439410095374e-05,
    "pred_std": 3.727953170971602e-05,
    "mae": 2.4551195295349085e-05,
    "rmse": 2.896661977451185e-05
  },
  "sigma_zeta": {
    "true_mean": 0.001256546468527726,
    "pred_mean": 0.0012938006830930512,
    "true_std": 0.00029902296472253593,
    "pred_std": 0.000273742219188102,
    "mae": 5.229443530968389e-05,
    "rmse": 6.537073433523736e-05
  },
  "skew": {
    "true_mean": -0.011858394429692392,
    "pred_mean": 0.058231076317693815,
    "true_std": 0.1184163195448698,
    "pred_std": 0.12286412334096473,
    "mae": 0.09956007363130316,
    "rmse": 0.12010735534612252
  },
  "kurt": {
    "true_mean": 2.028913378172268,
    "pred_mean": 2.376979643469854,
    "true_std": 0.7813129855518695,
    "pred_std": 0.47080745163500476,
    "mae": 0.47356583480756925,
    "rmse": 0.5750743780786288
  },
  "entropy": {
    "true_mean": -5.663272243244528,
    "pred_mean": -5.280724399743458,
    "true_std": 0.14448300614399165,
    "pred_std": 0.1801898506497616,
    "mae": 0.3825478435010693,
    "rmse": 0.38594556423633697
  }
}