{
  "mass": {
    "true_mean": 1.0000000273114762,
    "pred_mean": 0.9958711099446753,
    "true_std": 2.90582319641758e-08,
    "pred_std": 0.005252198057308919,
    "mae": 0.004920791209425213,
    "rmse": 0.006680833105421844
  },
  "mean_zeta": {
    "true_mean": -1.85661643174039e-05,
    "pred_mean": -2.2786220517781483e-05,
    "true_std": 0.0002121396392193412,
    "pred_std": 1.7733468865479554e-05,
    "mae": 0.00016750479386582235,
    "rmse": 0.00021152955493222733
  },
  "sigma_zeta": {
    "true_mean": 0.0028737883975375605,
    "pred_mean": 0.002890693059234243,
    "true_std": 0.00010003690901320792,
    "pred_std": 3.2445099904597725e-06,
    "mae": 8.102993779768803e-05,
    "rmse": 0.00010140548412530602
  },
  "skew": {
    "true_mean": 0.010415084336205286,
    "pred_mean": 0.0073052774787667595,
    "true_std": 0.1112048834149529,
    "pred_std": 0.0071726530573259,
    "mae": 0.08907845393986902,
    "rmse": 0.11112779736568053
  },
  "kurt": {
    "true_mean": 1.7887635145111618,
    "pred_mean": 1.7729398311895541,
    "true_std": 0.08725329240939816,
    "pred_std": 0.003185044453019772,
    "mae": 0.06574606032788798,
    "rmse": 0.08860086945702761
  },
  "entropy": {
    "true_mean": -5.781733965746109,
    "pred_mean": -4.6054445596199765,
    "true_std": 0.2566780085825754,
    "pred_std": 9.569858922384443e-05,
    "mae": 1.1762894061261335,
    "rmse": 1.2039631309692598
  }
}