sample_idx,pair_idx,target,bin_i,bin_j,rho_true,rho_mean,rho_variance,rho_std,mean_minus_truth,abs_mean_minus_truth
7,11,density,0,0,0.0,0.0,0.0,0.0,0.0,0.0
7,11,density,0,1,0.0,0.0,0.0,0.0,0.0,0.0
7,11,density,0,2,0.0,0.0,0.0,0.0,0.0,0.0
7,11,density,0,3,0.0,0.0,0.0,0.0,0.0,0.0
7,11,density,0,4,0.0,0.0,0.0,0.0,0.0,0.0
7,11,density,0,5,0.0,0.0,0.0,0.0,0.0,0.0
7,11,density,0,6,0.0,0.0,0.0,0.0,0.0,0.0
7,11,density,0,7,0.0,0.0,0.0,0.0,0.0,0.0
7,11,density,0,8,0.0,0.0,0.0,0.0,0.0,0.0
7,11,density,0,9,0.0,0.0,0.0,0.0,0.0,0.0
7,11,density,0,10,0.0,0.0,0.0,0.0,0.0,0.0
7,11,density,0,11,0.0,0.0,0.0,0.0,0.0,0.0
7,11,density,0,12,0.0,0.0,0.0,0.0,0.0,0.0
7,11,density,0,13,0.0,0.0,0.0,0.0,0.0,0.0
7,11,density,0,14,0.0,0.0,0.0,0.0,0.0,0.0
7,11,density,0,15,0.0,0.0,0.0,0.0,0.0,0.0
7,11,density,0,16,0.0,0.0,0.0,0.0,0.0,0.0
7,11,density,0,17,0.0,0.0,0.0,0.0,0.0,0.0
7,11,density,0,18,0.0,0.0,0.0,0.0,0.0,0.0
7,11,density,0,19,0.0,0.0,0.0,0.0,0.0,0.0
7,11,density,0,20,0.0,0.0,0.0,0.0,0.0,0.0
7,11,density,0,21,0.0,0.0,0.0,0.0,0.0,0.0
7,11,density,0,22,0.0,0.0,0.0,0.0,0.0,0.0
7,11,density,0,23,0.0,0.0,0.0,0.0,0.0,0.0
7,11,density,0,24,0.0,0.0,0.0,0.0,0.0,0.0
7,11,density,0,25,0.0,0.0,0.0,0.0,0.0,0.0
7,11,density,0,26,0.0,0.0,0.0,0.0,0.0,0.0
7,11,density,0,27,0.0,0.0,0.0,0.0,0.0,0.0
7,11,density,0,28,0.0,0.0,0.0,0.0,0.0,0.0
7,11,density,0,29,0.0,0.0,0.0,0.0,0.0,0.0
7,11,density,0,30,0.0,0.0,0.0,0.0,0.0,0.0
7,11,density,0,31,0.0,0.0,0.0,0.0,0.0,0.0
7,11,density,0,32,0.0,0.0,0.0,0.0,0.0,0.0
7,11,density,0,33,0.0,0.0,0.0,0.0,0.0,0.0
7,11,density,0,34,0.0,0.0,0.0,0.0,0.0,0.0
7,11,density,0,35,0.0,0.0,0.0,0.0,0.0,0.0
7,11,density,0,36,0.0,0.0,0.0,0.0,0.0,0.0
7,11,density,0,37,0.0,0.0,0.0,0.0,0.0,0.0
7,11,density,0,38,0.0,0.0,0.0,0.0,0.0,0.0
7,11,density,0,39,0.0,0.0,0.0,0.0,0.0,0.0
7,11,density,0,40,0.0,0.0,0.0,0.0,0.0,0.0
7,11,density,0,41,0.0,0.0,0.0,0.0,0.0,0.0
7,11,density,0,42,0.0,0.0,0.0,0.0,0.0,0.0
7,11,density,0,43,0.0,0.0,0.0,0.0,0.0,0.0
7,11,density,0,44,0.0,0.0,0.0,0.0,0.0,0.0
7,11,density,0,45,0.0,0.0,0.0,0.0,0.0,0.0
7,11,density,0,46,0.0,0.0,0.0,0.0,0.0,0.0
7,11,density,0,47,0.0,0.0,0.0,0.0,0.0,0.0
7,11,density,0,48,0.0,0.0,0.0,0.0,0.0,0.0
7,11,density,0,49,0.0,0.0,0.0,0.0,0.0,0.0
7,11,density,0,50,0.0,0.0,0.0,0.0,0.0,0.0
7,11,density,0,51,0.0,0.0,0.0,0.0,0.0,0.0
7,11,density,0,52,0.0,0.0,0.0,0.0,0.0,0.0
7,11,density,0,53,0.0,0.0,0.0,0.0,0.0,0.0
7,11,density,0,54,0.0,0.0,0.0,0.0,0.0,0.0
7,11,density,0,55,0.0,0.0,0.0,0.0,0.0,0.0
7,11,density,0,56,0.0,0.0,0.0,0.0,0.0,0.0
7,11,density,0,57,0.0,0.0,0.0,0.0,0.0,0.0
7,11,density,0,58,0.0,0.0,0.0,0.0,0.0,0.0
7,11,density,0,59,0.0,0.0,0.0,0.0,0.0,0.0
7,11,density,0,60,0.0,0.0,0.0,0.0,0.0,0.0
7,11,density,0,61,0.0,0.0,0.0,0.0,0.0,0.0
7,11,density,0,62,0.0,0.0,0.0,0.0,0.0,0.0
7,11,density,0,63,0.0,0.0,0.0,0.0,0.0,0.0
7,11,density,1,0,0.0,0.0,0.0,0.0,0.0,0.0
7,11,density,1,1,0.0,0.0,0.0,0.0,0.0,0.0
7,11,density,1,2,0.0,0.0,0.0,0.0,0.0,0.0
7,11,density,1,3,0.0,0.0,0.0,0.0,0.0,0.0
7,11,density,1,4,0.0,0.0,0.0,0.0,0.0,0.0
7,11,density,1,5,0.0,0.0,0.0,0.0,0.0,0.0
7,11,density,1,6,0.0,0.0,0.0,0.0,0.0,0.0
7,11,density,1,7,0.0,0.0,0.0,0.0,0.0,0.0
7,11,density,1,8,0.0,0.0,0.0,0.0,0.0,0.0
7,11,density,1,9,0.0,0.0,0.0,0.0,0.0,0.0
7,11,density,1,10,0.0,0.0,0.0,0.0,0.0,0.0
7,11,density,1,11,0.0,0.0,0.0,0.0,0.0,0.0
7,11,density,1,12,0.0,0.0,0.0,0.0,0.0,0.0
7,11,density,1,13,0.0,0.0,0.0,0.0,0.0,0.0
7,11,density,1,14,0.0,0.0,0.0,0.0,0.0,0.0
7,11,density,1,15,0.0,0.0,0.0,0.0,0.0,0.0
7,11,density,1,16,0.0,0.0,0.0,0.0,0.0,0.0
7,11,density,1,17,0.0,0.0,0.0,0.0,0.0,0.0
7,11,density,1,18,0.0,0.0,0.0,0.0,0.0,0.0
7,11,density,1,19,0.0,0.0,0.0,0.0,0.0,0.0
7,11,density,1,20,0.0,0.0,0.0,0.0,0.0,0.0
7,11,density,1,21,0.0,0.0,0.0,0.0,0.0,0.0
7,11,density,1,22,0.0,0.0,0.0,0.0,0.0,0.0
7,11,density,1,23,0.0,0.0,0.0,0.0,0.0,0.0
7,11,density,1,24,0.0,0.0,0.0,0.0,0.0,0.0
7,11,density,1,25,0.0,0.0,0.0,0.0,0.0,0.0
7,11,density,1,26,0.0,0.0,0.0,0.0,0.0,0.0
7,11,density,1,27,0.0,0.0,0.0,0.0,0.0,0.0
7,11,density,1,28,0.0,0.0,0.0,0.0,0.0,0.0
7,11,density,1,29,0.0,0.0,0.0,0.0,0.0,0.0
7,11,density,1,30,0.0,0.0,0.0,0.0,0.0,0.0
7,11,density,1,31,0.0,0.0,0.0,0.0,0.0,0.0
7,11,density,1,32,0.0,0.0,0.0,0.0,0.0,0.0
7,11,density,1,33,0.0,0.0,0.0,0.0,0.0,0.0
7,11,density,1,34,0.0,0.0,0.0,0.0,0.0,0.0
7,11,density,1,35,0.0,0.0,0.0,0.0,0.0,0.0
7,11,density,1,36,0.0,0.0,0.0,0.0,0.0,0.0
7,11,density,1,37,0.0,0.0,0.0,0.0,0.0,0.0
7,11,density,1,38,0.0,0.0,0.0,0.0,0.0,0.0
7,11,density,1,39,0.0,0.0,0.0,0.0,0.0,0.0
7,11,density,1,40,0.0,0.0,0.0,0.0,0.0,0.0
7,11,density,1,41,0.0,0.0,0.0,0.0,0.0,0.0
7,11,density,1,42,0.0,0.0,0.0,0.0,0.0,0.0
7,11,density,1,43,0.0,0.0,0.0,0.0,0.0,0.0
7,11,density,1,44,0.0,0.0,0.0,0.0,0.0,0.0
7,11,density,1,45,0.0,0.0,0.0,0.0,0.0,0.0
7,11,density,1,46,0.0,0.0,0.0,0.0,0.0,0.0
7,11,density,1,47,0.0,0.0,0.0,0.0,0.0,0.0
7,11,density,1,48,0.0,0.0,0.0,0.0,0.0,0.0
7,11,density,1,49,0.0,0.0,0.0,0.0,0.0,0.0
7,11,density,1,50,0.0,0.0,0.0,0.0,0.0,0.0
7,11,density,1,51,0.0,0.0,0.0,0.0,0.0,0.0
7,11,density,1,52,0.0,0.0,0.0,0.0,0.0,0.0
7,11,density,1,53,0.0,0.0,0.0,0.0,0.0,0.0
7,11,density,1,54,0.0,0.0,0.0,0.0,0.0,0.0
7,11,density,1,55,0.0,0.0,0.0,0.0,0.0,0.0
7,11,density,1,56,0.0,0.0,0.0,0.0,0.0,0.0
7,11,density,1,57,0.0,0.0,0.0,0.0,0.0,0.0
7,11,density,1,58,0.0,0.0,0.0,0.0,0.0,0.0
7,11,density,1,59,0.0,0.0,0.0,0.0,0.0,0.0
7,11,density,1,60,0.0,0.0,0.0,0.0,0.0,0.0
7,11,density,1,61,0.0,0.0,0.0,0.0,0.0,0.0
7,11,density,1,62,0.0,0.0,0.0,0.0,0.0,0.0
7,11,density,1,63,0.0,0.0,0.0,0.0,0.0,0.0
7,11,density,2,0,0.0,0.0,0.0,0.0,0.0,0.0
7,11,density,2,1,0.0,0.0,0.0,0.0,0.0,0.0
7,11,density,2,2,0.0,0.0,0.0,0.0,0.0,0.0
7,11,density,2,3,0.0,0.0,0.0,0.0,0.0,0.0
7,11,density,2,4,0.0,0.0,0.0,0.0,0.0,0.0
7,11,density,2,5,0.0,0.0,0.0,0.0,0.0,0.0
7,11,density,2,6,0.0,0.0,0.0,0.0,0.0,0.0
7,11,density,2,7,0.0,0.0,0.0,0.0,0.0,0.0
7,11,density,2,8,0.0,0.0,0.0,0.0,0.0,0.0
7,11,density,2,9,0.0,0.0,0.0,0.0,0.0,0.0
7,11,density,2,10,0.0,0.0,0.0,0.0,0.0,0.0
7,11,density,2,11,0.0,0.0,0.0,0.0,0.0,0.0
7,11,density,2,12,0.0,0.0,0.0,0.0,0.0,0.0
7,11,density,2,13,0.0,0.0,0.0,0.0,0.0,0.0
7,11,density,2,14,0.0,0.0,0.0,0.0,0.0,0.0
7,11,density,2,15,0.0,0.0,0.0,0.0,0.0,0.0
7,11,density,2,16,0.0,0.0,0.0,0.0,0.0,0.0
7,11,density,2,17,0.0,0.0,0.0,0.0,0.0,0.0
7,11,density,2,18,0.0,0.0,0.0,0.0,0.0,0.0
7,11,density,2,19,0.0,0.0,0.0,0.0,0.0,0.0
7,11,density,2,20,0.0,0.0,0.0,0.0,0.0,0.0
7,11,density,2,21,0.0,0.0,0.0,0.0,0.0,0.0
7,11,density,2,22,0.0,0.0,0.0,0.0,0.0,0.0
7,11,density,2,23,0.0,0.0,0.0,0.0,0.0,0.0
7,11,density,2,24,0.0,0.0,0.0,0.0,0.0,0.0
7,11,density,2,25,0.0,0.0,0.0,0.0,0.0,0.0
7,11,density,2,26,0.0,0.0,0.0,0.0,0.0,0.0
7,11,density,2,27,0.0,0.0,0.0,0.0,0.0,0.0
7,11,density,2,28,0.0,0.0,0.0,0.0,0.0,0.0
7,11,density,2,29,0.0,0.0,0.0,0.0,0.0,0.0
7,11,density,2,30,0.0,0.0,0.0,0.0,0.0,0.0
7,11,density,2,31,0.0,0.0,0.0,0.0,0.0,0.0
7,11,density,2,32,0.0,0.0,0.0,0.0,0.0,0.0
7,11,density,2,33,0.0,0.0,0.0,0.0,0.0,0.0
7,11,density,2,34,0.0,0.0,0.0,0.0,0.0,0.0
7,11,density,2,35,0.0,0.0,0.0,0.0,0.0,0.0
7,11,density,2,36,0.0,0.0,0.0,0.0,0.0,0.0
7,11,density,2,37,0.0,0.0,0.0,0.0,0.0,0.0
7,11,density,2,38,0.0,0.0,0.0,0.0,0.0,0.0
7,11,density,2,39,0.0,0.0,0.0,0.0,0.0,0.0
7,11,density,2,40,0.0,0.0,0.0,0.0,0.0,0.0
7,11,density,2,41,0.0,0.0,0.0,0.0,0.0,0.0
7,11,density,2,42,0.0,0.0,0.0,0.0,0.0,0.0
7,11,density,2,43,0.0,0.0,0.0,0.0,0.0,0.0
7,11,density,2,44,0.0,0.0,0.0,0.0,0.0,0.0
7,11,density,2,45,0.0,0.0,0.0,0.0,0.0,0.0
7,11,density,2,46,0.0,0.0,0.0,0.0,0.0,0.0
7,11,density,2,47,0.0,0.0,0.0,0.0,0.0,0.0
7,11,density,2,48,0.0,0.0,0.0,0.0,0.0,0.0
7,11,density,2,49,0.0,0.0,0.0,0.0,0.0,0.0
7,11,density,2,50,0.0,0.0,0.0,0.0,0.0,0.0
7,11,density,2,51,0.0,0.0,0.0,0.0,0.0,0.0
7,11,density,2,52,0.0,0.0,0.0,0.0,0.0,0.0
7,11,density,2,53,0.0,0.0,0.0,0.0,0.0,0.0
7,11,density,2,54,0.0,0.0,0.0,0.0,0.0,0.0
7,11,density,2,55,0.0,0.0,0.0,0.0,0.0,0.0
7,11,density,2,56,0.0,0.0,0.0,0.0,0.0,0.0
7,11,density,2,57,0.0,0.0,0.0,0.0,0.0,0.0
7,11,density,2,58,0.0,0.0,0.0,0.0,0.0,0.0
7,11,density,2,59,0.0,0.0,0.0,0.0,0.0,0.0
7,11,density,2,60,0.0,0.0,0.0,0.0,0.0,0.0
7,11,density,2,61,0.0,0.0,0.0,0.0,0.0,0.0
7,11,density,2,62,0.0,0.0,0.0,0.0,0.0,0.0
7,11,density,2,63,0.0,0.0,0.0,0.0,0.0,0.0
7,11,density,3,0,0.0,0.0,0.0,0.0,0.0,0.0
7,11,density,3,1,0.0,0.0,0.0,0.0,0.0,0.0
7,11,density,3,2,0.0,0.0,0.0,0.0,0.0,0.0
7,11,density,3,3,0.0,0.0,0.0,0.0,0.0,0.0
7,11,density,3,4,0.0,0.0,0.0,0.0,0.0,0.0
7,11,density,3,5,0.0,0.0,0.0,0.0,0.0,0.0
7,11,density,3,6,0.0,0.0,0.0,0.0,0.0,0.0
7,11,density,3,7,0.0,0.0,0.0,0.0,0.0,0.0
7,11,density,3,8,0.0,0.0,0.0,0.0,0.0,0.0
7,11,density,3,9,0.0,0.0,0.0,0.0,0.0,0.0
7,11,density,3,10,0.0,0.0,0.0,0.0,0.0,0.0
7,11,density,3,11,0.0,0.0,0.0,0.0,0.0,0.0
7,11,density,3,12,0.0,0.0,0.0,0.0,0.0,0.0
7,11,density,3,13,0.0,0.0,0.0,0.0,0.0,0.0
7,11,density,3,14,0.0,0.0,0.0,0.0,0.0,0.0
7,11,density,3,15,0.0,0.0,0.0,0.0,0.0,0.0
7,11,density,3,16,0.0,0.0,0.0,0.0,0.0,0.0
7,11,density,3,17,0.0,0.0,0.0,0.0,0.0,0.0
7,11,density,3,18,0.0,0.0,0.0,0.0,0.0,0.0
7,11,density,3,19,0.0,0.0,0.0,0.0,0.0,0.0
7,11,density,3,20,0.0,0.0,0.0,0.0,0.0,0.0
7,11,density,3,21,0.0,0.0,0.0,0.0,0.0,0.0
7,11,density,3,22,0.0,0.0,0.0,0.0,0.0,0.0
7,11,density,3,23,0.0,0.0,0.0,0.0,0.0,0.0
7,11,density,3,24,0.0,0.0,0.0,0.0,0.0,0.0
7,11,density,3,25,0.0,0.0,0.0,0.0,0.0,0.0
7,11,density,3,26,0.0,0.0,0.0,0.0,0.0,0.0
7,11,density,3,27,0.0,0.0,0.0,0.0,0.0,0.0
7,11,density,3,28,0.0,0.0,0.0,0.0,0.0,0.0
7,11,density,3,29,0.0,0.0,0.0,0.0,0.0,0.0
7,11,density,3,30,0.0,0.0,0.0,0.0,0.0,0.0
7,11,density,3,31,0.0,0.0,0.0,0.0,0.0,0.0
7,11,density,3,32,0.0,0.0,0.0,0.0,0.0,0.0
7,11,density,3,33,0.0,0.0,0.0,0.0,0.0,0.0
7,11,density,3,34,0.0,0.0,0.0,0.0,0.0,0.0
7,11,density,3,35,0.0,0.0,0.0,0.0,0.0,0.0
7,11,density,3,36,0.0,0.0,0.0,0.0,0.0,0.0
7,11,density,3,37,0.0,0.0,0.0,0.0,0.0,0.0
7,11,density,3,38,0.0,0.0,0.0,0.0,0.0,0.0
7,11,density,3,39,0.0,0.0,0.0,0.0,0.0,0.0
7,11,density,3,40,0.0,0.0,0.0,0.0,0.0,0.0
7,11,density,3,41,0.0,0.0,0.0,0.0,0.0,0.0
7,11,density,3,42,0.0,0.0,0.0,0.0,0.0,0.0
7,11,density,3,43,0.0,0.0,0.0,0.0,0.0,0.0
7,11,density,3,44,0.0,0.0,0.0,0.0,0.0,0.0
7,11,density,3,45,0.0,0.0,0.0,0.0,0.0,0.0
7,11,density,3,46,0.0,0.0,0.0,0.0,0.0,0.0
7,11,density,3,47,0.0,0.0,0.0,0.0,0.0,0.0
7,11,density,3,48,0.0,0.0,0.0,0.0,0.0,0.0
7,11,density,3,49,0.0,0.0,0.0,0.0,0.0,0.0
7,11,density,3,50,0.0,0.0,0.0,0.0,0.0,0.0
7,11,density,3,51,0.0,0.0,0.0,0.0,0.0,0.0
7,11,density,3,52,0.0,0.0,0.0,0.0,0.0,0.0
7,11,density,3,53,0.0,0.0,0.0,0.0,0.0,0.0
7,11,density,3,54,0.0,0.0,0.0,0.0,0.0,0.0
7,11,density,3,55,0.0,0.0,0.0,0.0,0.0,0.0
7,11,density,3,56,0.0,0.0,0.0,0.0,0.0,0.0
7,11,density,3,57,0.0,0.0,0.0,0.0,0.0,0.0
7,11,density,3,58,0.0,0.0,0.0,0.0,0.0,0.0
7,11,density,3,59,0.0,0.0,0.0,0.0,0.0,0.0
7,11,density,3,60,0.0,0.0,0.0,0.0,0.0,0.0
7,11,density,3,61,0.0,0.0,0.0,0.0,0.0,0.0
7,11,density,3,62,0.0,0.0,0.0,0.0,0.0,0.0
7,11,density,3,63,0.0,0.0,0.0,0.0,0.0,0.0
7,11,density,4,0,0.0,0.0,0.0,0.0,0.0,0.0
7,11,density,4,1,0.0,0.0,0.0,0.0,0.0,0.0
7,11,density,4,2,0.0,0.0,0.0,0.0,0.0,0.0
7,11,density,4,3,0.0,0.0,0.0,0.0,0.0,0.0
7,11,density,4,4,0.0,0.0,0.0,0.0,0.0,0.0
7,11,density,4,5,0.0,0.0,0.0,0.0,0.0,0.0
7,11,density,4,6,0.0,0.0,0.0,0.0,0.0,0.0
7,11,density,4,7,0.0,0.0,0.0,0.0,0.0,0.0
7,11,density,4,8,0.0,0.0,0.0,0.0,0.0,0.0
7,11,density,4,9,0.0,0.0,0.0,0.0,0.0,0.0
7,11,density,4,10,0.0,0.0,0.0,0.0,0.0,0.0
7,11,density,4,11,0.0,0.0,0.0,0.0,0.0,0.0
7,11,density,4,12,0.0,0.0,0.0,0.0,0.0,0.0
7,11,density,4,13,0.0,0.0,0.0,0.0,0.0,0.0
7,11,density,4,14,0.0,0.0,0.0,0.0,0.0,0.0
7,11,density,4,15,0.0,0.0,0.0,0.0,0.0,0.0
7,11,density,4,16,0.0,0.0,0.0,0.0,0.0,0.0
7,11,density,4,17,0.0,0.0,0.0,0.0,0.0,0.0
7,11,density,4,18,0.0,0.0,0.0,0.0,0.0,0.0
7,11,density,4,19,0.0,0.0,0.0,0.0,0.0,0.0
7,11,density,4,20,0.0,0.0,0.0,0.0,0.0,0.0
7,11,density,4,21,0.0,0.0,0.0,0.0,0.0,0.0
7,11,density,4,22,0.0,0.0,0.0,0.0,0.0,0.0
7,11,density,4,23,0.0,0.0,0.0,0.0,0.0,0.0
7,11,density,4,24,0.0,0.0,0.0,0.0,0.0,0.0
7,11,density,4,25,0.0,0.0,0.0,0.0,0.0,0.0
7,11,density,4,26,0.0,0.0,0.0,0.0,0.0,0.0
7,11,density,4,27,0.0,0.0,0.0,0.0,0.0,0.0
7,11,density,4,28,0.0,0.0,0.0,0.0,0.0,0.0
7,11,density,4,29,0.0,0.0,0.0,0.0,0.0,0.0
7,11,density,4,30,0.0,0.0,0.0,0.0,0.0,0.0
7,11,density,4,31,0.0,0.0,0.0,0.0,0.0,0.0
7,11,density,4,32,0.0,0.0,0.0,0.0,0.0,0.0
7,11,density,4,33,0.0,0.0,0.0,0.0,0.0,0.0
7,11,density,4,34,0.0,0.0,0.0,0.0,0.0,0.0
7,11,density,4,35,0.0,0.0,0.0,0.0,0.0,0.0
7,11,density,4,36,0.0,0.0,0.0,0.0,0.0,0.0
7,11,density,4,37,0.0,0.0,0.0,0.0,0.0,0.0
7,11,density,4,38,0.0,0.0,0.0,0.0,0.0,0.0
7,11,density,4,39,0.0,0.0,0.0,0.0,0.0,0.0
7,11,density,4,40,0.0,0.0,0.0,0.0,0.0,0.0
7,11,density,4,41,0.0,0.0,0.0,0.0,0.0,0.0
7,11,density,4,42,0.0,0.0,0.0,0.0,0.0,0.0
7,11,density,4,43,0.0,0.0,0.0,0.0,0.0,0.0
7,11,density,4,44,0.0,0.0,0.0,0.0,0.0,0.0
7,11,density,4,45,0.0,0.0,0.0,0.0,0.0,0.0
7,11,density,4,46,0.0,0.0,0.0,0.0,0.0,0.0
7,11,density,4,47,0.0,0.0,0.0,0.0,0.0,0.0
7,11,density,4,48,0.0,0.0,0.0,0.0,0.0,0.0
7,11,density,4,49,0.0,0.0,0.0,0.0,0.0,0.0
7,11,density,4,50,0.0,0.0,0.0,0.0,0.0,0.0
7,11,density,4,51,0.0,0.0,0.0,0.0,0.0,0.0
7,11,density,4,52,0.0,0.0,0.0,0.0,0.0,0.0
7,11,density,4,53,0.0,0.0,0.0,0.0,0.0,0.0
7,11,density,4,54,0.0,0.0,0.0,0.0,0.0,0.0
7,11,density,4,55,0.0,0.0,0.0,0.0,0.0,0.0
7,11,density,4,56,0.0,0.0,0.0,0.0,0.0,0.0
7,11,density,4,57,0.0,0.0,0.0,0.0,0.0,0.0
7,11,density,4,58,0.0,0.0,0.0,0.0,0.0,0.0
7,11,density,4,59,0.0,0.0,0.0,0.0,0.0,0.0
7,11,density,4,60,0.0,0.0,0.0,0.0,0.0,0.0
7,11,density,4,61,0.0,0.0,0.0,0.0,0.0,0.0
7,11,density,4,62,0.0,0.0,0.0,0.0,0.0,0.0
7,11,density,4,63,0.0,0.0,0.0,0.0,0.0,0.0
7,11,density,5,0,0.0,0.0,0.0,0.0,0.0,0.0
7,11,density,5,1,0.0,0.0,0.0,0.0,0.0,0.0
7,11,density,5,2,0.0,0.0,0.0,0.0,0.0,0.0
7,11,density,5,3,0.0,0.0,0.0,0.0,0.0,0.0
7,11,density,5,4,0.0,0.0,0.0,0.0,0.0,0.0
7,11,density,5,5,0.0,0.0,0.0,0.0,0.0,0.0
7,11,density,5,6,0.0,0.0,0.0,0.0,0.0,0.0
7,11,density,5,7,0.0,0.0,0.0,0.0,0.0,0.0
7,11,density,5,8,0.0,0.0,0.0,0.0,0.0,0.0
7,11,density,5,9,0.0,0.0,0.0,0.0,0.0,0.0
7,11,density,5,10,0.0,0.0,0.0,0.0,0.0,0.0
7,11,density,5,11,0.0,0.0,0.0,0.0,0.0,0.0
7,11,density,5,12,0.0,0.0,0.0,0.0,0.0,0.0
7,11,density,5,13,0.0,0.0,0.0,0.0,0.0,0.0
7,11,density,5,14,0.0,0.0,0.0,0.0,0.0,0.0
7,11,density,5,15,0.0,0.0,0.0,0.0,0.0,0.0
7,11,density,5,16,0.0,0.0,0.0,0.0,0.0,0.0
7,11,density,5,17,0.0,0.0,0.0,0.0,0.0,0.0
7,11,density,5,18,0.0,0.0,0.0,0.0,0.0,0.0
7,11,density,5,19,0.0,0.0,0.0,0.0,0.0,0.0
7,11,density,5,20,0.0,0.0,0.0,0.0,0.0,0.0
7,11,density,5,21,0.0,0.0,0.0,0.0,0.0,0.0
7,11,density,5,22,0.0,0.0,0.0,0.0,0.0,0.0
7,11,density,5,23,0.0,0.0,0.0,0.0,0.0,0.0
7,11,density,5,24,0.0,0.0,0.0,0.0,0.0,0.0
7,11,density,5,25,0.0,0.0,0.0,0.0,0.0,0.0
7,11,density,5,26,0.0,0.0,0.0,0.0,0.0,0.0
7,11,density,5,27,0.0,0.0,0.0,0.0,0.0,0.0
7,11,density,5,28,0.0,0.0,0.0,0.0,0.0,0.0
7,11,density,5,29,0.0,0.0,0.0,0.0,0.0,0.0
7,11,density,5,30,0.0,0.0,0.0,0.0,0.0,0.0
7,11,density,5,31,0.0,0.0,0.0,0.0,0.0,0.0
7,11,density,5,32,0.0,0.0,0.0,0.0,0.0,0.0
7,11,density,5,33,0.0,0.0,0.0,0.0,0.0,0.0
7,11,density,5,34,0.0,0.0,0.0,0.0,0.0,0.0
7,11,density,5,35,0.0,0.0,0.0,0.0,0.0,0.0
7,11,density,5,36,0.0,0.0,0.0,0.0,0.0,0.0
7,11,density,5,37,0.0,0.0,0.0,0.0,0.0,0.0
7,11,density,5,38,0.0,0.0,0.0,0.0,0.0,0.0
7,11,density,5,39,0.0,0.0,0.0,0.0,0.0,0.0
7,11,density,5,40,0.0,0.0,0.0,0.0,0.0,0.0
7,11,density,5,41,0.0,0.0,0.0,0.0,0.0,0.0
7,11,density,5,42,0.0,0.0,0.0,0.0,0.0,0.0
7,11,density,5,43,0.0,0.0,0.0,0.0,0.0,0.0
7,11,density,5,44,0.0,0.0,0.0,0.0,0.0,0.0
7,11,density,5,45,0.0,0.0,0.0,0.0,0.0,0.0
7,11,density,5,46,0.0,0.0,0.0,0.0,0.0,0.0
7,11,density,5,47,0.0,0.0,0.0,0.0,0.0,0.0
7,11,density,5,48,0.0,0.0,0.0,0.0,0.0,0.0
7,11,density,5,49,0.0,0.0,0.0,0.0,0.0,0.0
7,11,density,5,50,0.0,0.0,0.0,0.0,0.0,0.0
7,11,density,5,51,0.0,0.0,0.0,0.0,0.0,0.0
7,11,density,5,52,0.0,0.0,0.0,0.0,0.0,0.0
7,11,density,5,53,0.0,0.0,0.0,0.0,0.0,0.0
7,11,density,5,54,0.0,0.0,0.0,0.0,0.0,0.0
7,11,density,5,55,0.0,0.0,0.0,0.0,0.0,0.0
7,11,density,5,56,0.0,0.0,0.0,0.0,0.0,0.0
7,11,density,5,57,0.0,0.0,0.0,0.0,0.0,0.0
7,11,density,5,58,0.0,0.0,0.0,0.0,0.0,0.0
7,11,density,5,59,0.0,0.0,0.0,0.0,0.0,0.0
7,11,density,5,60,0.0,0.0,0.0,0.0,0.0,0.0
7,11,density,5,61,0.0,0.0,0.0,0.0,0.0,0.0
7,11,density,5,62,0.0,0.0,0.0,0.0,0.0,0.0
7,11,density,5,63,0.0,0.0,0.0,0.0,0.0,0.0
7,11,density,6,0,0.0,0.0,0.0,0.0,0.0,0.0
7,11,density,6,1,0.0,0.0,0.0,0.0,0.0,0.0
7,11,density,6,2,0.0,0.0,0.0,0.0,0.0,0.0
7,11,density,6,3,0.0,0.0,0.0,0.0,0.0,0.0
7,11,density,6,4,0.0,0.0,0.0,0.0,0.0,0.0
7,11,density,6,5,0.0,0.0,0.0,0.0,0.0,0.0
7,11,density,6,6,0.0,0.0,0.0,0.0,0.0,0.0
7,11,density,6,7,0.0,0.0,0.0,0.0,0.0,0.0
7,11,density,6,8,0.0,0.0,0.0,0.0,0.0,0.0
7,11,density,6,9,0.0,0.0,0.0,0.0,0.0,0.0
7,11,density,6,10,0.0,0.0,0.0,0.0,0.0,0.0
7,11,density,6,11,0.0,0.0,0.0,0.0,0.0,0.0
7,11,density,6,12,0.0,0.0,0.0,0.0,0.0,0.0
7,11,density,6,13,0.0,0.0,0.0,0.0,0.0,0.0
7,11,density,6,14,0.0,0.0,0.0,0.0,0.0,0.0
7,11,density,6,15,0.0,0.0,0.0,0.0,0.0,0.0
7,11,density,6,16,0.0,0.0,0.0,0.0,0.0,0.0
7,11,density,6,17,0.0,0.0,0.0,0.0,0.0,0.0
7,11,density,6,18,0.0,0.0,0.0,0.0,0.0,0.0
7,11,density,6,19,0.0,0.0,0.0,0.0,0.0,0.0
7,11,density,6,20,0.0,0.0,0.0,0.0,0.0,0.0
7,11,density,6,21,0.0,0.0,0.0,0.0,0.0,0.0
7,11,density,6,22,0.0,0.0,0.0,0.0,0.0,0.0
7,11,density,6,23,0.0,0.0,0.0,0.0,0.0,0.0
7,11,density,6,24,0.0,0.0,0.0,0.0,0.0,0.0
7,11,density,6,25,0.0,0.0,0.0,0.0,0.0,0.0
7,11,density,6,26,0.0,0.0,0.0,0.0,0.0,0.0
7,11,density,6,27,0.0,0.0,0.0,0.0,0.0,0.0
7,11,density,6,28,0.0,0.0,0.0,0.0,0.0,0.0
7,11,density,6,29,0.0,0.0,0.0,0.0,0.0,0.0
7,11,density,6,30,0.0,0.0,0.0,0.0,0.0,0.0
7,11,density,6,31,0.0,0.0,0.0,0.0,0.0,0.0
7,11,density,6,32,0.0,0.0,0.0,0.0,0.0,0.0
7,11,density,6,33,0.0,0.0,0.0,0.0,0.0,0.0
7,11,density,6,34,0.0,0.0,0.0,0.0,0.0,0.0
7,11,density,6,35,0.0,0.0,0.0,0.0,0.0,0.0
7,11,density,6,36,0.0,0.0,0.0,0.0,0.0,0.0
7,11,density,6,37,0.0,0.0,0.0,0.0,0.0,0.0
7,11,density,6,38,0.0,0.0,0.0,0.0,0.0,0.0
7,11,density,6,39,0.0,0.0,0.0,0.0,0.0,0.0
7,11,density,6,40,0.0,0.0,0.0,0.0,0.0,0.0
7,11,density,6,41,0.0,0.0,0.0,0.0,0.0,0.0
7,11,density,6,42,0.0,0.0,0.0,0.0,0.0,0.0
7,11,density,6,43,0.0,0.0,0.0,0.0,0.0,0.0
7,11,density,6,44,0.0,0.0,0.0,0.0,0.0,0.0
7,11,density,6,45,0.0,0.0,0.0,0.0,0.0,0.0
7,11,density,6,46,0.0,0.0,0.0,0.0,0.0,0.0
7,11,density,6,47,0.0,0.0,0.0,0.0,0.0,0.0
7,11,density,6,48,0.0,0.0,0.0,0.0,0.0,0.0
7,11,density,6,49,0.0,0.0,0.0,0.0,0.0,0.0
7,11,density,6,50,0.0,0.0,0.0,0.0,0.0,0.0
7,11,density,6,51,0.0,0.0,0.0,0.0,0.0,0.0
7,11,density,6,52,0.0,0.0,0.0,0.0,0.0,0.0
7,11,density,6,53,0.0,0.0,0.0,0.0,0.0,0.0
7,11,density,6,54,0.0,0.0,0.0,0.0,0.0,0.0
7,11,density,6,55,0.0,0.0,0.0,0.0,0.0,0.0
7,11,density,6,56,0.0,0.0,0.0,0.0,0.0,0.0
7,11,density,6,57,0.0,0.0,0.0,0.0,0.0,0.0
7,11,density,6,58,0.0,0.0,0.0,0.0,0.0,0.0
7,11,density,6,59,0.0,0.0,0.0,0.0,0.0,0.0
7,11,density,6,60,0.0,0.0,0.0,0.0,0.0,0.0
7,11,density,6,61,0.0,0.0,0.0,0.0,0.0,0.0
7,11,density,6,62,0.0,0.0,0.0,0.0,0.0,0.0
7,11,density,6,63,0.0,0.0,0.0,0.0,0.0,0.0
7,11,density,7,0,0.0,0.0,0.0,0.0,0.0,0.0
7,11,density,7,1,0.0,0.0,0.0,0.0,0.0,0.0
7,11,density,7,2,0.0,0.0,0.0,0.0,0.0,0.0
7,11,density,7,3,0.0,0.0,0.0,0.0,0.0,0.0
7,11,density,7,4,0.0,0.0,0.0,0.0,0.0,0.0
7,11,density,7,5,0.0,0.0,0.0,0.0,0.0,0.0
7,11,density,7,6,0.0,0.0,0.0,0.0,0.0,0.0
7,11,density,7,7,0.0,0.0,0.0,0.0,0.0,0.0
7,11,density,7,8,0.0,0.0,0.0,0.0,0.0,0.0
7,11,density,7,9,0.0,0.0,0.0,0.0,0.0,0.0
7,11,density,7,10,0.0,0.0,0.0,0.0,0.0,0.0
7,11,density,7,11,0.0,0.0,0.0,0.0,0.0,0.0
7,11,density,7,12,0.0,0.0,0.0,0.0,0.0,0.0
7,11,density,7,13,0.0,0.0,0.0,0.0,0.0,0.0
7,11,density,7,14,0.0,0.0,0.0,0.0,0.0,0.0
7,11,density,7,15,0.0,0.0,0.0,0.0,0.0,0.0
7,11,density,7,16,0.0,0.0,0.0,0.0,0.0,0.0
7,11,density,7,17,0.0,0.0,0.0,0.0,0.0,0.0
7,11,density,7,18,0.0,0.0,0.0,0.0,0.0,0.0
7,11,density,7,19,0.0,0.0,0.0,0.0,0.0,0.0
7,11,density,7,20,0.0,0.0,0.0,0.0,0.0,0.0
7,11,density,7,21,0.0,0.0,0.0,0.0,0.0,0.0
7,11,density,7,22,0.0,0.0,0.0,0.0,0.0,0.0
7,11,density,7,23,0.0,0.0,0.0,0.0,0.0,0.0
7,11,density,7,24,0.0,0.0,0.0,0.0,0.0,0.0
7,11,density,7,25,0.0,0.0,0.0,0.0,0.0,0.0
7,11,density,7,26,0.0,0.0,0.0,0.0,0.0,0.0
7,11,density,7,27,0.0,0.0,0.0,0.0,0.0,0.0
7,11,density,7,28,0.0,0.0,0.0,0.0,0.0,0.0
7,11,density,7,29,0.0,0.0,0.0,0.0,0.0,0.0
7,11,density,7,30,0.0,0.0,0.0,0.0,0.0,0.0
7,11,density,7,31,0.0,0.0,0.0,0.0,0.0,0.0
7,11,density,7,32,0.0,0.0,0.0,0.0,0.0,0.0
7,11,density,7,33,0.0,0.0,0.0,0.0,0.0,0.0
7,11,density,7,34,0.0,0.0,0.0,0.0,0.0,0.0
7,11,density,7,35,0.0,0.0,0.0,0.0,0.0,0.0
7,11,density,7,36,0.0,0.0,0.0,0.0,0.0,0.0
7,11,density,7,37,0.0,0.0,0.0,0.0,0.0,0.0
7,11,density,7,38,0.0,0.0,0.0,0.0,0.0,0.0
7,11,density,7,39,0.0,0.0,0.0,0.0,0.0,0.0
7,11,density,7,40,0.0,0.0,0.0,0.0,0.0,0.0
7,11,density,7,41,0.0,0.0,0.0,0.0,0.0,0.0
7,11,density,7,42,0.0,0.0,0.0,0.0,0.0,0.0
7,11,density,7,43,0.0,0.0,0.0,0.0,0.0,0.0
7,11,density,7,44,0.0,0.0,0.0,0.0,0.0,0.0
7,11,density,7,45,0.0,0.0,0.0,0.0,0.0,0.0
7,11,density,7,46,0.0,0.0,0.0,0.0,0.0,0.0
7,11,density,7,47,0.0,0.0,0.0,0.0,0.0,0.0
7,11,density,7,48,0.0,0.0,0.0,0.0,0.0,0.0
7,11,density,7,49,0.0,0.0,0.0,0.0,0.0,0.0
7,11,density,7,50,0.0,0.0,0.0,0.0,0.0,0.0
7,11,density,7,51,0.0,0.0,0.0,0.0,0.0,0.0
7,11,density,7,52,0.0,0.0,0.0,0.0,0.0,0.0
7,11,density,7,53,0.0,0.0,0.0,0.0,0.0,0.0
7,11,density,7,54,0.0,0.0,0.0,0.0,0.0,0.0
7,11,density,7,55,0.0,0.0,0.0,0.0,0.0,0.0
7,11,density,7,56,0.0,0.0,0.0,0.0,0.0,0.0
7,11,density,7,57,0.0,0.0,0.0,0.0,0.0,0.0
7,11,density,7,58,0.0,0.0,0.0,0.0,0.0,0.0
7,11,density,7,59,0.0,0.0,0.0,0.0,0.0,0.0
7,11,density,7,60,0.0,0.0,0.0,0.0,0.0,0.0
7,11,density,7,61,0.0,0.0,0.0,0.0,0.0,0.0
7,11,density,7,62,0.0,0.0,0.0,0.0,0.0,0.0
7,11,density,7,63,0.0,0.0,0.0,0.0,0.0,0.0
7,11,density,8,0,0.0,0.0,0.0,0.0,0.0,0.0
7,11,density,8,1,0.0,0.0,0.0,0.0,0.0,0.0
7,11,density,8,2,0.0,0.0,0.0,0.0,0.0,0.0
7,11,density,8,3,0.0,0.0,0.0,0.0,0.0,0.0
7,11,density,8,4,0.0,0.0,0.0,0.0,0.0,0.0
7,11,density,8,5,0.0,0.0,0.0,0.0,0.0,0.0
7,11,density,8,6,0.0,0.0,0.0,0.0,0.0,0.0
7,11,density,8,7,0.0,0.0,0.0,0.0,0.0,0.0
7,11,density,8,8,0.0,0.0,0.0,0.0,0.0,0.0
7,11,density,8,9,0.0,0.0,0.0,0.0,0.0,0.0
7,11,density,8,10,0.0,0.0,0.0,0.0,0.0,0.0
7,11,density,8,11,0.0,0.0,0.0,0.0,0.0,0.0
7,11,density,8,12,0.0,0.0,0.0,0.0,0.0,0.0
7,11,density,8,13,0.0,0.0,0.0,0.0,0.0,0.0
7,11,density,8,14,0.0,0.0,0.0,0.0,0.0,0.0
7,11,density,8,15,0.0,0.0,0.0,0.0,0.0,0.0
7,11,density,8,16,0.0,0.0,0.0,0.0,0.0,0.0
7,11,density,8,17,0.0,0.0,0.0,0.0,0.0,0.0
7,11,density,8,18,0.0,0.0,0.0,0.0,0.0,0.0
7,11,density,8,19,0.0,0.0,0.0,0.0,0.0,0.0
7,11,density,8,20,0.0,0.0,0.0,0.0,0.0,0.0
7,11,density,8,21,0.0,0.0,0.0,0.0,0.0,0.0
7,11,density,8,22,0.0,0.0,0.0,0.0,0.0,0.0
7,11,density,8,23,0.0,0.0,0.0,0.0,0.0,0.0
7,11,density,8,24,0.0,0.0,0.0,0.0,0.0,0.0
7,11,density,8,25,0.0,0.0,0.0,0.0,0.0,0.0
7,11,density,8,26,0.0,0.0,0.0,0.0,0.0,0.0
7,11,density,8,27,0.0,0.0,0.0,0.0,0.0,0.0
7,11,density,8,28,0.0,0.0,0.0,0.0,0.0,0.0
7,11,density,8,29,0.0,0.0,0.0,0.0,0.0,0.0
7,11,density,8,30,0.0,0.0,0.0,0.0,0.0,0.0
7,11,density,8,31,0.0,0.0,0.0,0.0,0.0,0.0
7,11,density,8,32,0.0,0.0,0.0,0.0,0.0,0.0
7,11,density,8,33,0.0,0.0,0.0,0.0,0.0,0.0
7,11,density,8,34,0.0,0.0,0.0,0.0,0.0,0.0
7,11,density,8,35,0.0,0.0,0.0,0.0,0.0,0.0
7,11,density,8,36,0.0,0.0,0.0,0.0,0.0,0.0
7,11,density,8,37,0.0,0.0,0.0,0.0,0.0,0.0
7,11,density,8,38,0.0,0.0,0.0,0.0,0.0,0.0
7,11,density,8,39,0.0,0.0,0.0,0.0,0.0,0.0
7,11,density,8,40,0.0,0.0,0.0,0.0,0.0,0.0
7,11,density,8,41,0.0,0.0,0.0,0.0,0.0,0.0
7,11,density,8,42,0.0,0.0,0.0,0.0,0.0,0.0
7,11,density,8,43,0.0,0.0,0.0,0.0,0.0,0.0
7,11,density,8,44,0.0,0.0,0.0,0.0,0.0,0.0
7,11,density,8,45,0.0,0.0,0.0,0.0,0.0,0.0
7,11,density,8,46,0.0,0.0,0.0,0.0,0.0,0.0
7,11,density,8,47,0.0,0.0,0.0,0.0,0.0,0.0
7,11,density,8,48,0.0,0.0,0.0,0.0,0.0,0.0
7,11,density,8,49,0.0,0.0,0.0,0.0,0.0,0.0
7,11,density,8,50,0.0,0.0,0.0,0.0,0.0,0.0
7,11,density,8,51,0.0,0.0,0.0,0.0,0.0,0.0
7,11,density,8,52,0.0,0.0,0.0,0.0,0.0,0.0
7,11,density,8,53,0.0,0.0,0.0,0.0,0.0,0.0
7,11,density,8,54,0.0,0.0,0.0,0.0,0.0,0.0
7,11,density,8,55,0.0,0.0,0.0,0.0,0.0,0.0
7,11,density,8,56,0.0,0.0,0.0,0.0,0.0,0.0
7,11,density,8,57,0.0,0.0,0.0,0.0,0.0,0.0
7,11,density,8,58,0.0,0.0,0.0,0.0,0.0,0.0
7,11,density,8,59,0.0,0.0,0.0,0.0,0.0,0.0
7,11,density,8,60,0.0,0.0,0.0,0.0,0.0,0.0
7,11,density,8,61,0.0,0.0,0.0,0.0,0.0,0.0
7,11,density,8,62,0.0,0.0,0.0,0.0,0.0,0.0
7,11,density,8,63,0.0,0.0,0.0,0.0,0.0,0.0
7,11,density,9,0,0.0,0.0,0.0,0.0,0.0,0.0
7,11,density,9,1,0.0,0.0,0.0,0.0,0.0,0.0
7,11,density,9,2,0.0,0.0,0.0,0.0,0.0,0.0
7,11,density,9,3,0.0,0.0,0.0,0.0,0.0,0.0
7,11,density,9,4,0.0,0.0,0.0,0.0,0.0,0.0
7,11,density,9,5,0.0,0.0,0.0,0.0,0.0,0.0
7,11,density,9,6,0.0,0.0,0.0,0.0,0.0,0.0
7,11,density,9,7,0.0,0.0,0.0,0.0,0.0,0.0
7,11,density,9,8,0.0,0.0,0.0,0.0,0.0,0.0
7,11,density,9,9,0.0,0.0,0.0,0.0,0.0,0.0
7,11,density,9,10,0.0,0.0,0.0,0.0,0.0,0.0
7,11,density,9,11,0.0,0.0,0.0,0.0,0.0,0.0
7,11,density,9,12,0.0,0.0,0.0,0.0,0.0,0.0
7,11,density,9,13,0.0,0.0,0.0,0.0,0.0,0.0
7,11,density,9,14,0.0,0.0,0.0,0.0,0.0,0.0
7,11,density,9,15,0.0,0.0,0.0,0.0,0.0,0.0
7,11,density,9,16,0.0,0.0,0.0,0.0,0.0,0.0
7,11,density,9,17,0.0,0.0,0.0,0.0,0.0,0.0
7,11,density,9,18,0.0,0.0,0.0,0.0,0.0,0.0
7,11,density,9,19,0.0,0.0,0.0,0.0,0.0,0.0
7,11,density,9,20,0.0,0.0,0.0,0.0,0.0,0.0
7,11,density,9,21,0.0,0.0,0.0,0.0,0.0,0.0
7,11,density,9,22,0.0,0.0,0.0,0.0,0.0,0.0
7,11,density,9,23,0.0,0.0,0.0,0.0,0.0,0.0
7,11,density,9,24,0.0,0.0,0.0,0.0,0.0,0.0
7,11,density,9,25,0.0,0.0,0.0,0.0,0.0,0.0
7,11,density,9,26,0.0,0.0,0.0,0.0,0.0,0.0
7,11,density,9,27,0.0,0.0,0.0,0.0,0.0,0.0
7,11,density,9,28,0.0,0.0,0.0,0.0,0.0,0.0
7,11,density,9,29,0.0,0.0,0.0,0.0,0.0,0.0
7,11,density,9,30,0.0,0.0,0.0,0.0,0.0,0.0
7,11,density,9,31,0.0,0.0,0.0,0.0,0.0,0.0
7,11,density,9,32,0.0,0.0,0.0,0.0,0.0,0.0
7,11,density,9,33,0.0,0.0,0.0,0.0,0.0,0.0
7,11,density,9,34,0.0,0.0,0.0,0.0,0.0,0.0
7,11,density,9,35,0.0,0.0,0.0,0.0,0.0,0.0
7,11,density,9,36,0.0,0.0,0.0,0.0,0.0,0.0
7,11,density,9,37,0.0,0.0,0.0,0.0,0.0,0.0
7,11,density,9,38,0.0,0.0,0.0,0.0,0.0,0.0
7,11,density,9,39,0.0,0.0,0.0,0.0,0.0,0.0
7,11,density,9,40,0.0,0.0,0.0,0.0,0.0,0.0
7,11,density,9,41,0.0,0.0,0.0,0.0,0.0,0.0
7,11,density,9,42,0.0,0.0,0.0,0.0,0.0,0.0
7,11,density,9,43,0.0,0.0,0.0,0.0,0.0,0.0
7,11,density,9,44,0.0,0.0,0.0,0.0,0.0,0.0
7,11,density,9,45,0.0,0.0,0.0,0.0,0.0,0.0
7,11,density,9,46,0.0,0.0,0.0,0.0,0.0,0.0
7,11,density,9,47,0.0,0.0,0.0,0.0,0.0,0.0
7,11,density,9,48,0.0,0.0,0.0,0.0,0.0,0.0
7,11,density,9,49,0.0,0.0,0.0,0.0,0.0,0.0
7,11,density,9,50,0.0,0.0,0.0,0.0,0.0,0.0
7,11,density,9,51,0.0,0.0,0.0,0.0,0.0,0.0
7,11,density,9,52,0.0,0.0,0.0,0.0,0.0,0.0
7,11,density,9,53,0.0,0.0,0.0,0.0,0.0,0.0
7,11,density,9,54,0.0,0.0,0.0,0.0,0.0,0.0
7,11,density,9,55,0.0,0.0,0.0,0.0,0.0,0.0
7,11,density,9,56,0.0,0.0,0.0,0.0,0.0,0.0
7,11,density,9,57,0.0,0.0,0.0,0.0,0.0,0.0
7,11,density,9,58,0.0,0.0,0.0,0.0,0.0,0.0
7,11,density,9,59,0.0,0.0,0.0,0.0,0.0,0.0
7,11,density,9,60,0.0,0.0,0.0,0.0,0.0,0.0
7,11,density,9,61,0.0,0.0,0.0,0.0,0.0,0.0
7,11,density,9,62,0.0,0.0,0.0,0.0,0.0,0.0
7,11,density,9,63,0.0,0.0,0.0,0.0,0.0,0.0
7,11,density,10,0,0.0,0.0,0.0,0.0,0.0,0.0
7,11,density,10,1,0.0,0.0,0.0,0.0,0.0,0.0
7,11,density,10,2,0.0,0.0,0.0,0.0,0.0,0.0
7,11,density,10,3,0.0,0.0,0.0,0.0,0.0,0.0
7,11,density,10,4,0.0,0.0,0.0,0.0,0.0,0.0
7,11,density,10,5,0.0,0.0,0.0,0.0,0.0,0.0
7,11,density,10,6,0.0,0.0,0.0,0.0,0.0,0.0
7,11,density,10,7,0.0,0.0,0.0,0.0,0.0,0.0
7,11,density,10,8,0.0,0.0,0.0,0.0,0.0,0.0
7,11,density,10,9,0.0,0.0,0.0,0.0,0.0,0.0
7,11,density,10,10,0.0,0.0,0.0,0.0,0.0,0.0
7,11,density,10,11,0.0,0.0,0.0,0.0,0.0,0.0
7,11,density,10,12,0.0,0.0,0.0,0.0,0.0,0.0
7,11,density,10,13,0.0,0.0,0.0,0.0,0.0,0.0
7,11,density,10,14,0.0,0.0,0.0,0.0,0.0,0.0
7,11,density,10,15,0.0,0.0,0.0,0.0,0.0,0.0
7,11,density,10,16,0.0,0.0,0.0,0.0,0.0,0.0
7,11,density,10,17,0.0,0.0,0.0,0.0,0.0,0.0
7,11,density,10,18,0.0,0.0,0.0,0.0,0.0,0.0
7,11,density,10,19,0.0,0.0,0.0,0.0,0.0,0.0
7,11,density,10,20,0.0,0.0,0.0,0.0,0.0,0.0
7,11,density,10,21,0.0,0.0,0.0,0.0,0.0,0.0
7,11,density,10,22,0.0,0.0,0.0,0.0,0.0,0.0
7,11,density,10,23,15286.745,0.0,0.0,0.0,-15286.745,15286.745
7,11,density,10,24,0.0,0.0,0.0,0.0,0.0,0.0
7,11,density,10,25,0.0,0.0,0.0,0.0,0.0,0.0
7,11,density,10,26,0.0,0.0,0.0,0.0,0.0,0.0
7,11,density,10,27,0.0,0.0,0.0,0.0,0.0,0.0
7,11,density,10,28,0.0,0.0,0.0,0.0,0.0,0.0
7,11,density,10,29,0.0,0.0,0.0,0.0,0.0,0.0
7,11,density,10,30,0.0,0.0,0.0,0.0,0.0,0.0
7,11,density,10,31,0.0,0.0,0.0,0.0,0.0,0.0
7,11,density,10,32,0.0,0.0,0.0,0.0,0.0,0.0
7,11,density,10,33,0.0,0.0,0.0,0.0,0.0,0.0
7,11,density,10,34,0.0,0.0,0.0,0.0,0.0,0.0
7,11,density,10,35,0.0,0.0,0.0,0.0,0.0,0.0
7,11,density,10,36,0.0,0.0,0.0,0.0,0.0,0.0
7,11,density,10,37,0.0,0.0,0.0,0.0,0.0,0.0
7,11,density,10,38,0.0,0.0,0.0,0.0,0.0,0.0
7,11,density,10,39,0.0,0.0,0.0,0.0,0.0,0.0
7,11,density,10,40,0.0,0.0,0.0,0.0,0.0,0.0
7,11,density,10,41,0.0,0.0,0.0,0.0,0.0,0.0
7,11,density,10,42,0.0,0.0,0.0,0.0,0.0,0.0
7,11,density,10,43,0.0,0.0,0.0,0.0,0.0,0.0
7,11,density,10,44,0.0,0.0,0.0,0.0,0.0,0.0
7,11,density,10,45,0.0,0.0,0.0,0.0,0.0,0.0
7,11,density,10,46,0.0,0.0,0.0,0.0,0.0,0.0
7,11,density,10,47,0.0,0.0,0.0,0.0,0.0,0.0
7,11,density,10,48,0.0,0.0,0.0,0.0,0.0,0.0
7,11,density,10,49,0.0,0.0,0.0,0.0,0.0,0.0
7,11,density,10,50,0.0,0.0,0.0,0.0,0.0,0.0
7,11,density,10,51,0.0,0.0,0.0,0.0,0.0,0.0
7,11,density,10,52,0.0,0.0,0.0,0.0,0.0,0.0
7,11,density,10,53,0.0,0.0,0.0,0.0,0.0,0.0
7,11,density,10,54,0.0,0.0,0.0,0.0,0.0,0.0
7,11,density,10,55,0.0,0.0,0.0,0.0,0.0,0.0
7,11,density,10,56,0.0,0.0,0.0,0.0,0.0,0.0
7,11,density,10,57,0.0,0.0,0.0,0.0,0.0,0.0
7,11,density,10,58,0.0,0.0,0.0,0.0,0.0,0.0
7,11,density,10,59,0.0,0.0,0.0,0.0,0.0,0.0
7,11,density,10,60,0.0,0.0,0.0,0.0,0.0,0.0
7,11,density,10,61,0.0,0.0,0.0,0.0,0.0,0.0
7,11,density,10,62,0.0,0.0,0.0,0.0,0.0,0.0
7,11,density,10,63,0.0,0.0,0.0,0.0,0.0,0.0
7,11,density,11,0,0.0,0.0,0.0,0.0,0.0,0.0
7,11,density,11,1,0.0,0.0,0.0,0.0,0.0,0.0
7,11,density,11,2,0.0,0.0,0.0,0.0,0.0,0.0
7,11,density,11,3,0.0,0.0,0.0,0.0,0.0,0.0
7,11,density,11,4,0.0,0.0,0.0,0.0,0.0,0.0
7,11,density,11,5,0.0,0.0,0.0,0.0,0.0,0.0
7,11,density,11,6,0.0,0.0,0.0,0.0,0.0,0.0
7,11,density,11,7,0.0,0.0,0.0,0.0,0.0,0.0
7,11,density,11,8,0.0,0.0,0.0,0.0,0.0,0.0
7,11,density,11,9,0.0,0.0,0.0,0.0,0.0,0.0
7,11,density,11,10,0.0,0.0,0.0,0.0,0.0,0.0
7,11,density,11,11,0.0,0.0,0.0,0.0,0.0,0.0
7,11,density,11,12,0.0,0.0,0.0,0.0,0.0,0.0
7,11,density,11,13,0.0,0.0,0.0,0.0,0.0,0.0
7,11,density,11,14,0.0,0.0,0.0,0.0,0.0,0.0
7,11,density,11,15,0.0,0.0,0.0,0.0,0.0,0.0
7,11,density,11,16,0.0,0.0,0.0,0.0,0.0,0.0
7,11,density,11,17,0.0,0.0,0.0,0.0,0.0,0.0
7,11,density,11,18,0.0,0.0,0.0,0.0,0.0,0.0
7,11,density,11,19,0.0,0.0,0.0,0.0,0.0,0.0
7,11,density,11,20,0.0,0.0,0.0,0.0,0.0,0.0
7,11,density,11,21,0.0,0.0,0.0,0.0,0.0,0.0
7,11,density,11,22,0.0,0.0,0.0,0.0,0.0,0.0
7,11,density,11,23,0.0,0.0,0.0,0.0,0.0,0.0
7,11,density,11,24,0.0,0.0,0.0,0.0,0.0,0.0
7,11,density,11,25,0.0,0.0,0.0,0.0,0.0,0.0
7,11,density,11,26,0.0,0.0,0.0,0.0,0.0,0.0
7,11,density,11,27,0.0,0.0,0.0,0.0,0.0,0.0
7,11,density,11,28,0.0,0.0,0.0,0.0,0.0,0.0
7,11,density,11,29,0.0,0.0,0.0,0.0,0.0,0.0
7,11,density,11,30,0.0,0.0,0.0,0.0,0.0,0.0
7,11,density,11,31,0.0,0.0,0.0,0.0,0.0,0.0
7,11,density,11,32,0.0,0.0,0.0,0.0,0.0,0.0
7,11,density,11,33,0.0,0.0,0.0,0.0,0.0,0.0
7,11,density,11,34,0.0,0.0,0.0,0.0,0.0,0.0
7,11,density,11,35,0.0,0.0,0.0,0.0,0.0,0.0
7,11,density,11,36,0.0,0.0,0.0,0.0,0.0,0.0
7,11,density,11,37,0.0,0.0,0.0,0.0,0.0,0.0
7,11,density,11,38,0.0,0.0,0.0,0.0,0.0,0.0
7,11,density,11,39,0.0,0.0,0.0,0.0,0.0,0.0
7,11,density,11,40,0.0,0.0,0.0,0.0,0.0,0.0
7,11,density,11,41,0.0,0.0,0.0,0.0,0.0,0.0
7,11,density,11,42,0.0,0.0,0.0,0.0,0.0,0.0
7,11,density,11,43,0.0,0.0,0.0,0.0,0.0,0.0
7,11,density,11,44,0.0,0.0,0.0,0.0,0.0,0.0
7,11,density,11,45,0.0,0.0,0.0,0.0,0.0,0.0
7,11,density,11,46,0.0,0.0,0.0,0.0,0.0,0.0
7,11,density,11,47,0.0,0.0,0.0,0.0,0.0,0.0
7,11,density,11,48,0.0,0.0,0.0,0.0,0.0,0.0
7,11,density,11,49,0.0,0.0,0.0,0.0,0.0,0.0
7,11,density,11,50,0.0,0.0,0.0,0.0,0.0,0.0
7,11,density,11,51,0.0,0.0,0.0,0.0,0.0,0.0
7,11,density,11,52,0.0,0.0,0.0,0.0,0.0,0.0
7,11,density,11,53,0.0,0.0,0.0,0.0,0.0,0.0
7,11,density,11,54,0.0,0.0,0.0,0.0,0.0,0.0
7,11,density,11,55,0.0,0.0,0.0,0.0,0.0,0.0
7,11,density,11,56,0.0,0.0,0.0,0.0,0.0,0.0
7,11,density,11,57,0.0,0.0,0.0,0.0,0.0,0.0
7,11,density,11,58,0.0,0.0,0.0,0.0,0.0,0.0
7,11,density,11,59,0.0,0.0,0.0,0.0,0.0,0.0
7,11,density,11,60,0.0,0.0,0.0,0.0,0.0,0.0
7,11,density,11,61,0.0,0.0,0.0,0.0,0.0,0.0
7,11,density,11,62,0.0,0.0,0.0,0.0,0.0,0.0
7,11,density,11,63,0.0,0.0,0.0,0.0,0.0,0.0
7,11,density,12,0,0.0,0.0,0.0,0.0,0.0,0.0
7,11,density,12,1,0.0,0.0,0.0,0.0,0.0,0.0
7,11,density,12,2,0.0,0.0,0.0,0.0,0.0,0.0
7,11,density,12,3,0.0,0.0,0.0,0.0,0.0,0.0
7,11,density,12,4,0.0,0.0,0.0,0.0,0.0,0.0
7,11,density,12,5,0.0,0.0,0.0,0.0,0.0,0.0
7,11,density,12,6,0.0,0.0,0.0,0.0,0.0,0.0
7,11,density,12,7,0.0,0.0,0.0,0.0,0.0,0.0
7,11,density,12,8,0.0,0.0,0.0,0.0,0.0,0.0
7,11,density,12,9,0.0,0.0,0.0,0.0,0.0,0.0
7,11,density,12,10,0.0,0.0,0.0,0.0,0.0,0.0
7,11,density,12,11,0.0,0.0,0.0,0.0,0.0,0.0
7,11,density,12,12,0.0,0.0,0.0,0.0,0.0,0.0
7,11,density,12,13,0.0,0.0,0.0,0.0,0.0,0.0
7,11,density,12,14,0.0,0.0,0.0,0.0,0.0,0.0
7,11,density,12,15,0.0,0.0,0.0,0.0,0.0,0.0
7,11,density,12,16,0.0,0.0,0.0,0.0,0.0,0.0
7,11,density,12,17,0.0,0.0,0.0,0.0,0.0,0.0
7,11,density,12,18,0.0,0.0,0.0,0.0,0.0,0.0
7,11,density,12,19,0.0,0.0,0.0,0.0,0.0,0.0
7,11,density,12,20,0.0,0.0,0.0,0.0,0.0,0.0
7,11,density,12,21,0.0,0.0,0.0,0.0,0.0,0.0
7,11,density,12,22,0.0,170.0073,107173.914,327.37427,170.0073,170.0073
7,11,density,12,23,0.0,3972.8667,345009.16,587.3748,3972.8667,3972.8667
7,11,density,12,24,76433.92,3715.059,433251.9,658.21875,-72718.86,72718.86
7,11,density,12,25,15286.784,353.94733,195675.73,442.3525,-14932.837,14932.837
7,11,density,12,26,0.0,0.0,0.0,0.0,0.0,0.0
7,11,density,12,27,0.0,0.0,0.0,0.0,0.0,0.0
7,11,density,12,28,0.0,0.0,0.0,0.0,0.0,0.0
7,11,density,12,29,0.0,0.0,0.0,0.0,0.0,0.0
7,11,density,12,30,0.0,0.0,0.0,0.0,0.0,0.0
7,11,density,12,31,0.0,0.0,0.0,0.0,0.0,0.0
7,11,density,12,32,0.0,0.0,0.0,0.0,0.0,0.0
7,11,density,12,33,0.0,0.0,0.0,0.0,0.0,0.0
7,11,density,12,34,0.0,0.0,0.0,0.0,0.0,0.0
7,11,density,12,35,0.0,0.0,0.0,0.0,0.0,0.0
7,11,density,12,36,0.0,0.0,0.0,0.0,0.0,0.0
7,11,density,12,37,0.0,0.0,0.0,0.0,0.0,0.0
7,11,density,12,38,0.0,0.0,0.0,0.0,0.0,0.0
7,11,density,12,39,0.0,0.0,0.0,0.0,0.0,0.0
7,11,density,12,40,0.0,0.0,0.0,0.0,0.0,0.0
7,11,density,12,41,0.0,0.0,0.0,0.0,0.0,0.0
7,11,density,12,42,0.0,0.0,0.0,0.0,0.0,0.0
7,11,density,12,43,0.0,0.0,0.0,0.0,0.0,0.0
7,11,density,12,44,0.0,0.0,0.0,0.0,0.0,0.0
7,11,density,12,45,0.0,0.0,0.0,0.0,0.0,0.0
7,11,density,12,46,0.0,0.0,0.0,0.0,0.0,0.0
7,11,density,12,47,0.0,0.0,0.0,0.0,0.0,0.0
7,11,density,12,48,0.0,0.0,0.0,0.0,0.0,0.0
7,11,density,12,49,0.0,0.0,0.0,0.0,0.0,0.0
7,11,density,12,50,0.0,0.0,0.0,0.0,0.0,0.0
7,11,density,12,51,0.0,0.0,0.0,0.0,0.0,0.0
7,11,density,12,52,0.0,0.0,0.0,0.0,0.0,0.0
7,11,density,12,53,0.0,0.0,0.0,0.0,0.0,0.0
7,11,density,12,54,0.0,0.0,0.0,0.0,0.0,0.0
7,11,density,12,55,0.0,0.0,0.0,0.0,0.0,0.0
7,11,density,12,56,0.0,0.0,0.0,0.0,0.0,0.0
7,11,density,12,57,0.0,0.0,0.0,0.0,0.0,0.0
7,11,density,12,58,0.0,0.0,0.0,0.0,0.0,0.0
7,11,density,12,59,0.0,0.0,0.0,0.0,0.0,0.0
7,11,density,12,60,0.0,0.0,0.0,0.0,0.0,0.0
7,11,density,12,61,0.0,0.0,0.0,0.0,0.0,0.0
7,11,density,12,62,0.0,0.0,0.0,0.0,0.0,0.0
7,11,density,12,63,0.0,0.0,0.0,0.0,0.0,0.0
7,11,density,13,0,0.0,0.0,0.0,0.0,0.0,0.0
7,11,density,13,1,0.0,0.0,0.0,0.0,0.0,0.0
7,11,density,13,2,0.0,0.0,0.0,0.0,0.0,0.0
7,11,density,13,3,0.0,0.0,0.0,0.0,0.0,0.0
7,11,density,13,4,0.0,0.0,0.0,0.0,0.0,0.0
7,11,density,13,5,0.0,0.0,0.0,0.0,0.0,0.0
7,11,density,13,6,0.0,0.0,0.0,0.0,0.0,0.0
7,11,density,13,7,0.0,0.0,0.0,0.0,0.0,0.0
7,11,density,13,8,0.0,0.0,0.0,0.0,0.0,0.0
7,11,density,13,9,0.0,0.0,0.0,0.0,0.0,0.0
7,11,density,13,10,0.0,0.0,0.0,0.0,0.0,0.0
7,11,density,13,11,0.0,0.0,0.0,0.0,0.0,0.0
7,11,density,13,12,0.0,0.0,0.0,0.0,0.0,0.0
7,11,density,13,13,0.0,0.0,0.0,0.0,0.0,0.0
7,11,density,13,14,0.0,0.0,0.0,0.0,0.0,0.0
7,11,density,13,15,0.0,0.0,0.0,0.0,0.0,0.0
7,11,density,13,16,0.0,0.0,0.0,0.0,0.0,0.0
7,11,density,13,17,0.0,0.0,0.0,0.0,0.0,0.0
7,11,density,13,18,0.0,0.0,0.0,0.0,0.0,0.0
7,11,density,13,19,0.0,0.0,0.0,0.0,0.0,0.0
7,11,density,13,20,0.0,0.0,0.0,0.0,0.0,0.0
7,11,density,13,21,0.0,2.9746733,455.70288,21.347198,2.9746733,2.9746733
7,11,density,13,22,0.0,13208.132,422251.75,649.809,13208.132,13208.132
7,11,density,13,23,0.0,16022.979,408017.78,638.7627,16022.979,16022.979
7,11,density,13,24,15286.83,12844.799,554808.7,744.8548,-2442.0312,2442.0312
7,11,density,13,25,0.0,6209.963,724866.5,851.3909,6209.963,6209.963
7,11,density,13,26,0.0,29.267494,30998.027,176.06256,29.267494,29.267494
7,11,density,13,27,0.0,0.0,0.0,0.0,0.0,0.0
7,11,density,13,28,0.0,0.0,0.0,0.0,0.0,0.0
7,11,density,13,29,0.0,0.0,0.0,0.0,0.0,0.0
7,11,density,13,30,0.0,0.0,0.0,0.0,0.0,0.0
7,11,density,13,31,0.0,0.0,0.0,0.0,0.0,0.0
7,11,density,13,32,0.0,0.0,0.0,0.0,0.0,0.0
7,11,density,13,33,0.0,0.0,0.0,0.0,0.0,0.0
7,11,density,13,34,0.0,0.0,0.0,0.0,0.0,0.0
7,11,density,13,35,0.0,0.0,0.0,0.0,0.0,0.0
7,11,density,13,36,0.0,0.0,0.0,0.0,0.0,0.0
7,11,density,13,37,0.0,0.0,0.0,0.0,0.0,0.0
7,11,density,13,38,0.0,0.0,0.0,0.0,0.0,0.0
7,11,density,13,39,0.0,0.0,0.0,0.0,0.0,0.0
7,11,density,13,40,0.0,0.0,0.0,0.0,0.0,0.0
7,11,density,13,41,0.0,0.0,0.0,0.0,0.0,0.0
7,11,density,13,42,0.0,0.0,0.0,0.0,0.0,0.0
7,11,density,13,43,0.0,0.0,0.0,0.0,0.0,0.0
7,11,density,13,44,0.0,0.0,0.0,0.0,0.0,0.0
7,11,density,13,45,0.0,0.0,0.0,0.0,0.0,0.0
7,11,density,13,46,0.0,0.0,0.0,0.0,0.0,0.0
7,11,density,13,47,0.0,0.0,0.0,0.0,0.0,0.0
7,11,density,13,48,0.0,0.0,0.0,0.0,0.0,0.0
7,11,density,13,49,0.0,0.0,0.0,0.0,0.0,0.0
7,11,density,13,50,0.0,0.0,0.0,0.0,0.0,0.0
7,11,density,13,51,0.0,0.0,0.0,0.0,0.0,0.0
7,11,density,13,52,0.0,0.0,0.0,0.0,0.0,0.0
7,11,density,13,53,0.0,0.0,0.0,0.0,0.0,0.0
7,11,density,13,54,0.0,0.0,0.0,0.0,0.0,0.0
7,11,density,13,55,0.0,0.0,0.0,0.0,0.0,0.0
7,11,density,13,56,0.0,0.0,0.0,0.0,0.0,0.0
7,11,density,13,57,0.0,0.0,0.0,0.0,0.0,0.0
7,11,density,13,58,0.0,0.0,0.0,0.0,0.0,0.0
7,11,density,13,59,0.0,0.0,0.0,0.0,0.0,0.0
7,11,density,13,60,0.0,0.0,0.0,0.0,0.0,0.0
7,11,density,13,61,0.0,0.0,0.0,0.0,0.0,0.0
7,11,density,13,62,0.0,0.0,0.0,0.0,0.0,0.0
7,11,density,13,63,0.0,0.0,0.0,0.0,0.0,0.0
7,11,density,14,0,0.0,0.0,0.0,0.0,0.0,0.0
7,11,density,14,1,0.0,0.0,0.0,0.0,0.0,0.0
7,11,density,14,2,0.0,0.0,0.0,0.0,0.0,0.0
7,11,density,14,3,0.0,0.0,0.0,0.0,0.0,0.0
7,11,density,14,4,0.0,0.0,0.0,0.0,0.0,0.0
7,11,density,14,5,0.0,0.0,0.0,0.0,0.0,0.0
7,11,density,14,6,0.0,0.0,0.0,0.0,0.0,0.0
7,11,density,14,7,0.0,0.0,0.0,0.0,0.0,0.0
7,11,density,14,8,0.0,0.0,0.0,0.0,0.0,0.0
7,11,density,14,9,0.0,0.0,0.0,0.0,0.0,0.0
7,11,density,14,10,0.0,0.0,0.0,0.0,0.0,0.0
7,11,density,14,11,0.0,0.0,0.0,0.0,0.0,0.0
7,11,density,14,12,0.0,0.0,0.0,0.0,0.0,0.0
7,11,density,14,13,0.0,0.0,0.0,0.0,0.0,0.0
7,11,density,14,14,0.0,0.0,0.0,0.0,0.0,0.0
7,11,density,14,15,0.0,0.0,0.0,0.0,0.0,0.0
7,11,density,14,16,0.0,0.0,0.0,0.0,0.0,0.0
7,11,density,14,17,0.0,0.0,0.0,0.0,0.0,0.0
7,11,density,14,18,0.0,0.0,0.0,0.0,0.0,0.0
7,11,density,14,19,0.0,0.0,0.0,0.0,0.0,0.0
7,11,density,14,20,0.0,0.0,0.0,0.0,0.0,0.0
7,11,density,14,21,15286.802,10652.923,1113356.6,1055.1572,-4633.879,4633.879
7,11,density,14,22,15286.784,27212.242,580854.25,762.13794,11925.458,11925.458
7,11,density,14,23,15286.768,26469.352,624707.9,790.38464,11182.584,11182.584
7,11,density,14,24,45860.35,18551.375,932077.6,965.44165,-27308.977,27308.977
7,11,density,14,25,15286.784,7586.874,1414268.2,1189.2301,-7699.91,7699.91
7,11,density,14,26,0.0,1.2811257,103.400826,10.16862,1.2811257,1.2811257
7,11,density,14,27,0.0,0.0,0.0,0.0,0.0,0.0
7,11,density,14,28,0.0,0.0,0.0,0.0,0.0,0.0
7,11,density,14,29,0.0,0.0,0.0,0.0,0.0,0.0
7,11,density,14,30,0.0,0.0,0.0,0.0,0.0,0.0
7,11,density,14,31,0.0,0.0,0.0,0.0,0.0,0.0
7,11,density,14,32,0.0,0.0,0.0,0.0,0.0,0.0
7,11,density,14,33,0.0,0.0,0.0,0.0,0.0,0.0
7,11,density,14,34,0.0,0.0,0.0,0.0,0.0,0.0
7,11,density,14,35,0.0,0.0,0.0,0.0,0.0,0.0
7,11,density,14,36,0.0,0.0,0.0,0.0,0.0,0.0
7,11,density,14,37,0.0,0.0,0.0,0.0,0.0,0.0
7,11,density,14,38,0.0,0.0,0.0,0.0,0.0,0.0
7,11,density,14,39,0.0,0.0,0.0,0.0,0.0,0.0
7,11,density,14,40,0.0,0.0,0.0,0.0,0.0,0.0
7,11,density,14,41,0.0,0.0,0.0,0.0,0.0,0.0
7,11,density,14,42,0.0,0.0,0.0,0.0,0.0,0.0
7,11,density,14,43,0.0,0.0,0.0,0.0,0.0,0.0
7,11,density,14,44,0.0,0.0,0.0,0.0,0.0,0.0
7,11,density,14,45,0.0,0.0,0.0,0.0,0.0,0.0
7,11,density,14,46,0.0,0.0,0.0,0.0,0.0,0.0
7,11,density,14,47,0.0,0.0,0.0,0.0,0.0,0.0
7,11,density,14,48,0.0,0.0,0.0,0.0,0.0,0.0
7,11,density,14,49,0.0,0.0,0.0,0.0,0.0,0.0
7,11,density,14,50,0.0,0.0,0.0,0.0,0.0,0.0
7,11,density,14,51,0.0,0.0,0.0,0.0,0.0,0.0
7,11,density,14,52,0.0,0.0,0.0,0.0,0.0,0.0
7,11,density,14,53,0.0,0.0,0.0,0.0,0.0,0.0
7,11,density,14,54,0.0,0.0,0.0,0.0,0.0,0.0
7,11,density,14,55,0.0,0.0,0.0,0.0,0.0,0.0
7,11,density,14,56,0.0,0.0,0.0,0.0,0.0,0.0
7,11,density,14,57,0.0,0.0,0.0,0.0,0.0,0.0
7,11,density,14,58,0.0,0.0,0.0,0.0,0.0,0.0
7,11,density,14,59,0.0,0.0,0.0,0.0,0.0,0.0
7,11,density,14,60,0.0,0.0,0.0,0.0,0.0,0.0
7,11,density,14,61,0.0,0.0,0.0,0.0,0.0,0.0
7,11,density,14,62,0.0,0.0,0.0,0.0,0.0,0.0
7,11,density,14,63,0.0,0.0,0.0,0.0,0.0,0.0
7,11,density,15,0,0.0,0.0,0.0,0.0,0.0,0.0
7,11,density,15,1,0.0,0.0,0.0,0.0,0.0,0.0
7,11,density,15,2,0.0,0.0,0.0,0.0,0.0,0.0
7,11,density,15,3,0.0,0.0,0.0,0.0,0.0,0.0
7,11,density,15,4,0.0,0.0,0.0,0.0,0.0,0.0
7,11,density,15,5,0.0,0.0,0.0,0.0,0.0,0.0
7,11,density,15,6,0.0,0.0,0.0,0.0,0.0,0.0
7,11,density,15,7,0.0,0.0,0.0,0.0,0.0,0.0
7,11,density,15,8,0.0,0.0,0.0,0.0,0.0,0.0
7,11,density,15,9,0.0,0.0,0.0,0.0,0.0,0.0
7,11,density,15,10,0.0,0.0,0.0,0.0,0.0,0.0
7,11,density,15,11,0.0,0.0,0.0,0.0,0.0,0.0
7,11,density,15,12,0.0,0.0,0.0,0.0,0.0,0.0
7,11,density,15,13,0.0,0.0,0.0,0.0,0.0,0.0
7,11,density,15,14,0.0,0.0,0.0,0.0,0.0,0.0
7,11,density,15,15,0.0,0.0,0.0,0.0,0.0,0.0
7,11,density,15,16,0.0,0.0,0.0,0.0,0.0,0.0
7,11,density,15,17,0.0,0.0,0.0,0.0,0.0,0.0
7,11,density,15,18,0.0,0.0,0.0,0.0,0.0,0.0
7,11,density,15,19,0.0,0.0,0.0,0.0,0.0,0.0
7,11,density,15,20,0.0,3804.794,3265487.8,1807.066,3804.794,3804.794
7,11,density,15,21,45860.477,29833.3,1350730.0,1162.2091,-16027.176,16027.176
7,11,density,15,22,15286.807,43812.605,1053907.9,1026.6001,28525.799,28525.799
7,11,density,15,23,45860.367,34184.027,1214026.0,1101.8285,-11676.34,11676.34
7,11,density,15,24,15286.807,16346.151,2157773.8,1468.9363,1059.3447,1059.3447
7,11,density,15,25,0.0,61.015274,134582.12,366.85437,61.015274,61.015274
7,11,density,15,26,0.0,0.0,0.0,0.0,0.0,0.0
7,11,density,15,27,0.0,0.0,0.0,0.0,0.0,0.0
7,11,density,15,28,0.0,0.0,0.0,0.0,0.0,0.0
7,11,density,15,29,0.0,0.0,0.0,0.0,0.0,0.0
7,11,density,15,30,0.0,0.0,0.0,0.0,0.0,0.0
7,11,density,15,31,0.0,0.0,0.0,0.0,0.0,0.0
7,11,density,15,32,0.0,0.0,0.0,0.0,0.0,0.0
7,11,density,15,33,0.0,0.0,0.0,0.0,0.0,0.0
7,11,density,15,34,0.0,0.0,0.0,0.0,0.0,0.0
7,11,density,15,35,0.0,0.0,0.0,0.0,0.0,0.0
7,11,density,15,36,0.0,0.0,0.0,0.0,0.0,0.0
7,11,density,15,37,0.0,0.0,0.0,0.0,0.0,0.0
7,11,density,15,38,0.0,0.0,0.0,0.0,0.0,0.0
7,11,density,15,39,0.0,0.0,0.0,0.0,0.0,0.0
7,11,density,15,40,0.0,0.0,0.0,0.0,0.0,0.0
7,11,density,15,41,0.0,0.0,0.0,0.0,0.0,0.0
7,11,density,15,42,0.0,0.0,0.0,0.0,0.0,0.0
7,11,density,15,43,0.0,0.0,0.0,0.0,0.0,0.0
7,11,density,15,44,0.0,0.0,0.0,0.0,0.0,0.0
7,11,density,15,45,0.0,0.0,0.0,0.0,0.0,0.0
7,11,density,15,46,0.0,0.0,0.0,0.0,0.0,0.0
7,11,density,15,47,0.0,0.0,0.0,0.0,0.0,0.0
7,11,density,15,48,0.0,0.0,0.0,0.0,0.0,0.0
7,11,density,15,49,0.0,0.0,0.0,0.0,0.0,0.0
7,11,density,15,50,0.0,0.0,0.0,0.0,0.0,0.0
7,11,density,15,51,0.0,0.0,0.0,0.0,0.0,0.0
7,11,density,15,52,0.0,0.0,0.0,0.0,0.0,0.0
7,11,density,15,53,0.0,0.0,0.0,0.0,0.0,0.0
7,11,density,15,54,0.0,0.0,0.0,0.0,0.0,0.0
7,11,density,15,55,0.0,0.0,0.0,0.0,0.0,0.0
7,11,density,15,56,0.0,0.0,0.0,0.0,0.0,0.0
7,11,density,15,57,0.0,0.0,0.0,0.0,0.0,0.0
7,11,density,15,58,0.0,0.0,0.0,0.0,0.0,0.0
7,11,density,15,59,0.0,0.0,0.0,0.0,0.0,0.0
7,11,density,15,60,0.0,0.0,0.0,0.0,0.0,0.0
7,11,density,15,61,0.0,0.0,0.0,0.0,0.0,0.0
7,11,density,15,62,0.0,0.0,0.0,0.0,0.0,0.0
7,11,density,15,63,0.0,0.0,0.0,0.0,0.0,0.0
7,11,density,16,0,0.0,0.0,0.0,0.0,0.0,0.0
7,11,density,16,1,0.0,0.0,0.0,0.0,0.0,0.0
7,11,density,16,2,0.0,0.0,0.0,0.0,0.0,0.0
7,11,density,16,3,0.0,0.0,0.0,0.0,0.0,0.0
7,11,density,16,4,0.0,0.0,0.0,0.0,0.0,0.0
7,11,density,16,5,0.0,0.0,0.0,0.0,0.0,0.0
7,11,density,16,6,0.0,0.0,0.0,0.0,0.0,0.0
7,11,density,16,7,0.0,0.0,0.0,0.0,0.0,0.0
7,11,density,16,8,0.0,0.0,0.0,0.0,0.0,0.0
7,11,density,16,9,0.0,0.0,0.0,0.0,0.0,0.0
7,11,density,16,10,0.0,0.0,0.0,0.0,0.0,0.0
7,11,density,16,11,0.0,0.0,0.0,0.0,0.0,0.0
7,11,density,16,12,0.0,0.0,0.0,0.0,0.0,0.0
7,11,density,16,13,0.0,0.0,0.0,0.0,0.0,0.0
7,11,density,16,14,0.0,0.0,0.0,0.0,0.0,0.0
7,11,density,16,15,0.0,0.0,0.0,0.0,0.0,0.0
7,11,density,16,16,0.0,0.0,0.0,0.0,0.0,0.0
7,11,density,16,17,0.0,0.0,0.0,0.0,0.0,0.0
7,11,density,16,18,0.0,0.0,0.0,0.0,0.0,0.0
7,11,density,16,19,0.0,0.0,0.0,0.0,0.0,0.0
7,11,density,16,20,30573.578,25189.227,3949904.8,1987.4368,-5384.3516,5384.3516
7,11,density,16,21,0.0,52292.156,1878241.8,1370.4896,52292.156,52292.156
7,11,density,16,22,45860.418,61163.234,2010438.0,1417.8992,15302.816,15302.816
7,11,density,16,23,61147.156,38551.316,2526464.8,1589.4857,-22595.84,22595.84
7,11,density,16,24,0.0,7228.247,5314314.0,2305.2795,7228.247,7228.247
7,11,density,16,25,0.0,0.0,0.0,0.0,0.0,0.0
7,11,density,16,26,0.0,0.0,0.0,0.0,0.0,0.0
7,11,density,16,27,0.0,0.0,0.0,0.0,0.0,0.0
7,11,density,16,28,0.0,0.0,0.0,0.0,0.0,0.0
7,11,density,16,29,0.0,0.0,0.0,0.0,0.0,0.0
7,11,density,16,30,0.0,0.0,0.0,0.0,0.0,0.0
7,11,density,16,31,0.0,0.0,0.0,0.0,0.0,0.0
7,11,density,16,32,0.0,0.0,0.0,0.0,0.0,0.0
7,11,density,16,33,0.0,0.0,0.0,0.0,0.0,0.0
7,11,density,16,34,0.0,0.0,0.0,0.0,0.0,0.0
7,11,density,16,35,0.0,0.0,0.0,0.0,0.0,0.0
7,11,density,16,36,0.0,0.0,0.0,0.0,0.0,0.0
7,11,density,16,37,0.0,0.0,0.0,0.0,0.0,0.0
7,11,density,16,38,0.0,0.0,0.0,0.0,0.0,0.0
7,11,density,16,39,0.0,0.0,0.0,0.0,0.0,0.0
7,11,density,16,40,0.0,0.0,0.0,0.0,0.0,0.0
7,11,density,16,41,0.0,0.0,0.0,0.0,0.0,0.0
7,11,density,16,42,0.0,0.0,0.0,0.0,0.0,0.0
7,11,density,16,43,0.0,0.0,0.0,0.0,0.0,0.0
7,11,density,16,44,0.0,0.0,0.0,0.0,0.0,0.0
7,11,density,16,45,0.0,0.0,0.0,0.0,0.0,0.0
7,11,density,16,46,0.0,0.0,0.0,0.0,0.0,0.0
7,11,density,16,47,0.0,0.0,0.0,0.0,0.0,0.0
7,11,density,16,48,0.0,0.0,0.0,0.0,0.0,0.0
7,11,density,16,49,0.0,0.0,0.0,0.0,0.0,0.0
7,11,density,16,50,0.0,0.0,0.0,0.0,0.0,0.0
7,11,density,16,51,0.0,0.0,0.0,0.0,0.0,0.0
7,11,density,16,52,0.0,0.0,0.0,0.0,0.0,0.0
7,11,density,16,53,0.0,0.0,0.0,0.0,0.0,0.0
7,11,density,16,54,0.0,0.0,0.0,0.0,0.0,0.0
7,11,density,16,55,0.0,0.0,0.0,0.0,0.0,0.0
7,11,density,16,56,0.0,0.0,0.0,0.0,0.0,0.0
7,11,density,16,57,0.0,0.0,0.0,0.0,0.0,0.0
7,11,density,16,58,0.0,0.0,0.0,0.0,0.0,0.0
7,11,density,16,59,0.0,0.0,0.0,0.0,0.0,0.0
7,11,density,16,60,0.0,0.0,0.0,0.0,0.0,0.0
7,11,density,16,61,0.0,0.0,0.0,0.0,0.0,0.0
7,11,density,16,62,0.0,0.0,0.0,0.0,0.0,0.0
7,11,density,16,63,0.0,0.0,0.0,0.0,0.0,0.0
7,11,density,17,0,0.0,0.0,0.0,0.0,0.0,0.0
7,11,density,17,1,0.0,0.0,0.0,0.0,0.0,0.0
7,11,density,17,2,0.0,0.0,0.0,0.0,0.0,0.0
7,11,density,17,3,0.0,0.0,0.0,0.0,0.0,0.0
7,11,density,17,4,0.0,0.0,0.0,0.0,0.0,0.0
7,11,density,17,5,0.0,0.0,0.0,0.0,0.0,0.0
7,11,density,17,6,0.0,0.0,0.0,0.0,0.0,0.0
7,11,density,17,7,0.0,0.0,0.0,0.0,0.0,0.0
7,11,density,17,8,0.0,0.0,0.0,0.0,0.0,0.0
7,11,density,17,9,0.0,0.0,0.0,0.0,0.0,0.0
7,11,density,17,10,0.0,0.0,0.0,0.0,0.0,0.0
7,11,density,17,11,0.0,0.0,0.0,0.0,0.0,0.0
7,11,density,17,12,0.0,0.0,0.0,0.0,0.0,0.0
7,11,density,17,13,0.0,0.0,0.0,0.0,0.0,0.0
7,11,density,17,14,0.0,0.0,0.0,0.0,0.0,0.0
7,11,density,17,15,0.0,0.0,0.0,0.0,0.0,0.0
7,11,density,17,16,0.0,0.0,0.0,0.0,0.0,0.0
7,11,density,17,17,0.0,0.0,0.0,0.0,0.0,0.0
7,11,density,17,18,0.0,0.0,0.0,0.0,0.0,0.0
7,11,density,17,19,0.0,7286.4478,6650302.0,2578.8179,7286.4478,7286.4478
7,11,density,17,20,0.0,57914.14,4629330.0,2151.588,57914.14,57914.14
7,11,density,17,21,76434.125,85590.61,3276842.0,1810.205,9156.484,9156.484
7,11,density,17,22,122294.45,86368.766,3930193.2,1982.4714,-35925.688,35925.688
7,11,density,17,23,76433.945,46552.41,4875317.0,2208.012,-29881.535,29881.535
7,11,density,17,24,30573.613,783.4209,2348224.2,1532.3917,-29790.191,29790.191
7,11,density,17,25,15286.807,0.0,0.0,0.0,-15286.807,15286.807
7,11,density,17,26,0.0,0.0,0.0,0.0,0.0,0.0
7,11,density,17,27,0.0,0.0,0.0,0.0,0.0,0.0
7,11,density,17,28,0.0,0.0,0.0,0.0,0.0,0.0
7,11,density,17,29,0.0,0.0,0.0,0.0,0.0,0.0
7,11,density,17,30,0.0,0.0,0.0,0.0,0.0,0.0
7,11,density,17,31,0.0,0.0,0.0,0.0,0.0,0.0
7,11,density,17,32,0.0,0.0,0.0,0.0,0.0,0.0
7,11,density,17,33,0.0,0.0,0.0,0.0,0.0,0.0
7,11,density,17,34,0.0,0.0,0.0,0.0,0.0,0.0
7,11,density,17,35,0.0,0.0,0.0,0.0,0.0,0.0
7,11,density,17,36,0.0,0.0,0.0,0.0,0.0,0.0
7,11,density,17,37,0.0,0.0,0.0,0.0,0.0,0.0
7,11,density,17,38,0.0,0.0,0.0,0.0,0.0,0.0
7,11,density,17,39,0.0,0.0,0.0,0.0,0.0,0.0
7,11,density,17,40,0.0,0.0,0.0,0.0,0.0,0.0
7,11,density,17,41,0.0,0.0,0.0,0.0,0.0,0.0
7,11,density,17,42,0.0,0.0,0.0,0.0,0.0,0.0
7,11,density,17,43,0.0,0.0,0.0,0.0,0.0,0.0
7,11,density,17,44,0.0,0.0,0.0,0.0,0.0,0.0
7,11,density,17,45,0.0,0.0,0.0,0.0,0.0,0.0
7,11,density,17,46,0.0,0.0,0.0,0.0,0.0,0.0
7,11,density,17,47,0.0,0.0,0.0,0.0,0.0,0.0
7,11,density,17,48,0.0,0.0,0.0,0.0,0.0,0.0
7,11,density,17,49,0.0,0.0,0.0,0.0,0.0,0.0
7,11,density,17,50,0.0,0.0,0.0,0.0,0.0,0.0
7,11,density,17,51,0.0,0.0,0.0,0.0,0.0,0.0
7,11,density,17,52,0.0,0.0,0.0,0.0,0.0,0.0
7,11,density,17,53,0.0,0.0,0.0,0.0,0.0,0.0
7,11,density,17,54,0.0,0.0,0.0,0.0,0.0,0.0
7,11,density,17,55,0.0,0.0,0.0,0.0,0.0,0.0
7,11,density,17,56,0.0,0.0,0.0,0.0,0.0,0.0
7,11,density,17,57,0.0,0.0,0.0,0.0,0.0,0.0
7,11,density,17,58,0.0,0.0,0.0,0.0,0.0,0.0
7,11,density,17,59,0.0,0.0,0.0,0.0,0.0,0.0
7,11,density,17,60,0.0,0.0,0.0,0.0,0.0,0.0
7,11,density,17,61,0.0,0.0,0.0,0.0,0.0,0.0
7,11,density,17,62,0.0,0.0,0.0,0.0,0.0,0.0
7,11,density,17,63,0.0,0.0,0.0,0.0,0.0,0.0
7,11,density,18,0,0.0,0.0,0.0,0.0,0.0,0.0
7,11,density,18,1,0.0,0.0,0.0,0.0,0.0,0.0
7,11,density,18,2,0.0,0.0,0.0,0.0,0.0,0.0
7,11,density,18,3,0.0,0.0,0.0,0.0,0.0,0.0
7,11,density,18,4,0.0,0.0,0.0,0.0,0.0,0.0
7,11,density,18,5,0.0,0.0,0.0,0.0,0.0,0.0
7,11,density,18,6,0.0,0.0,0.0,0.0,0.0,0.0
7,11,density,18,7,0.0,0.0,0.0,0.0,0.0,0.0
7,11,density,18,8,0.0,0.0,0.0,0.0,0.0,0.0
7,11,density,18,9,0.0,0.0,0.0,0.0,0.0,0.0
7,11,density,18,10,0.0,0.0,0.0,0.0,0.0,0.0
7,11,density,18,11,0.0,0.0,0.0,0.0,0.0,0.0
7,11,density,18,12,0.0,0.0,0.0,0.0,0.0,0.0
7,11,density,18,13,0.0,0.0,0.0,0.0,0.0,0.0
7,11,density,18,14,0.0,0.0,0.0,0.0,0.0,0.0
7,11,density,18,15,0.0,0.0,0.0,0.0,0.0,0.0
7,11,density,18,16,0.0,0.0,0.0,0.0,0.0,0.0
7,11,density,18,17,0.0,0.0,0.0,0.0,0.0,0.0
7,11,density,18,18,0.0,0.0,0.0,0.0,0.0,0.0
7,11,density,18,19,0.0,24157.387,8971587.0,2995.2607,24157.387,24157.387
7,11,density,18,20,76433.945,94622.68,6578619.0,2564.8818,18188.734,18188.734
7,11,density,18,21,137581.42,126702.8,6660062.0,2580.7097,-10878.625,10878.625
7,11,density,18,22,137581.27,118848.53,7230800.5,2689.0146,-18732.734,18732.734
7,11,density,18,23,61147.156,58162.734,8746626.0,2957.4695,-2984.4219,2984.4219
7,11,density,18,24,15286.807,22.072088,19946.271,141.23128,-15264.734,15264.734
7,11,density,18,25,0.0,0.0,0.0,0.0,0.0,0.0
7,11,density,18,26,0.0,0.0,0.0,0.0,0.0,0.0
7,11,density,18,27,0.0,0.0,0.0,0.0,0.0,0.0
7,11,density,18,28,0.0,0.0,0.0,0.0,0.0,0.0
7,11,density,18,29,0.0,0.0,0.0,0.0,0.0,0.0
7,11,density,18,30,0.0,0.0,0.0,0.0,0.0,0.0
7,11,density,18,31,0.0,0.0,0.0,0.0,0.0,0.0
7,11,density,18,32,0.0,0.0,0.0,0.0,0.0,0.0
7,11,density,18,33,0.0,0.0,0.0,0.0,0.0,0.0
7,11,density,18,34,0.0,0.0,0.0,0.0,0.0,0.0
7,11,density,18,35,0.0,0.0,0.0,0.0,0.0,0.0
7,11,density,18,36,0.0,0.0,0.0,0.0,0.0,0.0
7,11,density,18,37,0.0,0.0,0.0,0.0,0.0,0.0
7,11,density,18,38,0.0,0.0,0.0,0.0,0.0,0.0
7,11,density,18,39,0.0,0.0,0.0,0.0,0.0,0.0
7,11,density,18,40,0.0,0.0,0.0,0.0,0.0,0.0
7,11,density,18,41,0.0,0.0,0.0,0.0,0.0,0.0
7,11,density,18,42,0.0,0.0,0.0,0.0,0.0,0.0
7,11,density,18,43,0.0,0.0,0.0,0.0,0.0,0.0
7,11,density,18,44,0.0,0.0,0.0,0.0,0.0,0.0
7,11,density,18,45,0.0,0.0,0.0,0.0,0.0,0.0
7,11,density,18,46,0.0,0.0,0.0,0.0,0.0,0.0
7,11,density,18,47,0.0,0.0,0.0,0.0,0.0,0.0
7,11,density,18,48,0.0,0.0,0.0,0.0,0.0,0.0
7,11,density,18,49,0.0,0.0,0.0,0.0,0.0,0.0
7,11,density,18,50,0.0,0.0,0.0,0.0,0.0,0.0
7,11,density,18,51,0.0,0.0,0.0,0.0,0.0,0.0
7,11,density,18,52,0.0,0.0,0.0,0.0,0.0,0.0
7,11,density,18,53,0.0,0.0,0.0,0.0,0.0,0.0
7,11,density,18,54,0.0,0.0,0.0,0.0,0.0,0.0
7,11,density,18,55,0.0,0.0,0.0,0.0,0.0,0.0
7,11,density,18,56,0.0,0.0,0.0,0.0,0.0,0.0
7,11,density,18,57,0.0,0.0,0.0,0.0,0.0,0.0
7,11,density,18,58,0.0,0.0,0.0,0.0,0.0,0.0
7,11,density,18,59,0.0,0.0,0.0,0.0,0.0,0.0
7,11,density,18,60,0.0,0.0,0.0,0.0,0.0,0.0
7,11,density,18,61,0.0,0.0,0.0,0.0,0.0,0.0
7,11,density,18,62,0.0,0.0,0.0,0.0,0.0,0.0
7,11,density,18,63,0.0,0.0,0.0,0.0,0.0,0.0
7,11,density,19,0,0.0,0.0,0.0,0.0,0.0,0.0
7,11,density,19,1,0.0,0.0,0.0,0.0,0.0,0.0
7,11,density,19,2,0.0,0.0,0.0,0.0,0.0,0.0
7,11,density,19,3,0.0,0.0,0.0,0.0,0.0,0.0
7,11,density,19,4,0.0,0.0,0.0,0.0,0.0,0.0
7,11,density,19,5,0.0,0.0,0.0,0.0,0.0,0.0
7,11,density,19,6,0.0,0.0,0.0,0.0,0.0,0.0
7,11,density,19,7,0.0,0.0,0.0,0.0,0.0,0.0
7,11,density,19,8,0.0,0.0,0.0,0.0,0.0,0.0
7,11,density,19,9,0.0,0.0,0.0,0.0,0.0,0.0
7,11,density,19,10,0.0,0.0,0.0,0.0,0.0,0.0
7,11,density,19,11,0.0,0.0,0.0,0.0,0.0,0.0
7,11,density,19,12,0.0,0.0,0.0,0.0,0.0,0.0
7,11,density,19,13,0.0,0.0,0.0,0.0,0.0,0.0
7,11,density,19,14,0.0,0.0,0.0,0.0,0.0,0.0
7,11,density,19,15,0.0,0.0,0.0,0.0,0.0,0.0
7,11,density,19,16,0.0,0.0,0.0,0.0,0.0,0.0
7,11,density,19,17,0.0,0.0,0.0,0.0,0.0,0.0
7,11,density,19,18,0.0,0.0,0.0,0.0,0.0,0.0
7,11,density,19,19,0.0,32449.69,14508669.0,3809.0247,32449.69,32449.69
7,11,density,19,20,61147.11,128426.64,10167336.0,3188.626,67279.53,67279.53
7,11,density,19,21,137581.31,173371.69,13093118.0,3618.4414,35790.375,35790.375
7,11,density,19,22,214015.14,164924.1,12942438.0,3597.56,-49091.047,49091.047
7,11,density,19,23,122294.22,84218.45,13619166.0,3690.4155,-38075.766,38075.766
7,11,density,19,24,30573.592,300.94995,1441344.1,1200.5599,-30272.643,30272.643
7,11,density,19,25,0.0,0.0,0.0,0.0,0.0,0.0
7,11,density,19,26,0.0,0.0,0.0,0.0,0.0,0.0
7,11,density,19,27,0.0,0.0,0.0,0.0,0.0,0.0
7,11,density,19,28,0.0,0.0,0.0,0.0,0.0,0.0
7,11,density,19,29,0.0,0.0,0.0,0.0,0.0,0.0
7,11,density,19,30,0.0,0.0,0.0,0.0,0.0,0.0
7,11,density,19,31,0.0,0.0,0.0,0.0,0.0,0.0
7,11,density,19,32,0.0,0.0,0.0,0.0,0.0,0.0
7,11,density,19,33,0.0,0.0,0.0,0.0,0.0,0.0
7,11,density,19,34,0.0,0.0,0.0,0.0,0.0,0.0
7,11,density,19,35,0.0,0.0,0.0,0.0,0.0,0.0
7,11,density,19,36,0.0,0.0,0.0,0.0,0.0,0.0
7,11,density,19,37,0.0,0.0,0.0,0.0,0.0,0.0
7,11,density,19,38,0.0,0.0,0.0,0.0,0.0,0.0
7,11,density,19,39,0.0,0.0,0.0,0.0,0.0,0.0
7,11,density,19,40,0.0,0.0,0.0,0.0,0.0,0.0
7,11,density,19,41,0.0,0.0,0.0,0.0,0.0,0.0
7,11,density,19,42,0.0,0.0,0.0,0.0,0.0,0.0
7,11,density,19,43,0.0,0.0,0.0,0.0,0.0,0.0
7,11,density,19,44,0.0,0.0,0.0,0.0,0.0,0.0
7,11,density,19,45,0.0,0.0,0.0,0.0,0.0,0.0
7,11,density,19,46,0.0,0.0,0.0,0.0,0.0,0.0
7,11,density,19,47,0.0,0.0,0.0,0.0,0.0,0.0
7,11,density,19,48,0.0,0.0,0.0,0.0,0.0,0.0
7,11,density,19,49,0.0,0.0,0.0,0.0,0.0,0.0
7,11,density,19,50,0.0,0.0,0.0,0.0,0.0,0.0
7,11,density,19,51,0.0,0.0,0.0,0.0,0.0,0.0
7,11,density,19,52,0.0,0.0,0.0,0.0,0.0,0.0
7,11,density,19,53,0.0,0.0,0.0,0.0,0.0,0.0
7,11,density,19,54,0.0,0.0,0.0,0.0,0.0,0.0
7,11,density,19,55,0.0,0.0,0.0,0.0,0.0,0.0
7,11,density,19,56,0.0,0.0,0.0,0.0,0.0,0.0
7,11,density,19,57,0.0,0.0,0.0,0.0,0.0,0.0
7,11,density,19,58,0.0,0.0,0.0,0.0,0.0,0.0
7,11,density,19,59,0.0,0.0,0.0,0.0,0.0,0.0
7,11,density,19,60,0.0,0.0,0.0,0.0,0.0,0.0
7,11,density,19,61,0.0,0.0,0.0,0.0,0.0,0.0
7,11,density,19,62,0.0,0.0,0.0,0.0,0.0,0.0
7,11,density,19,63,0.0,0.0,0.0,0.0,0.0,0.0
7,11,density,20,0,0.0,0.0,0.0,0.0,0.0,0.0
7,11,density,20,1,0.0,0.0,0.0,0.0,0.0,0.0
7,11,density,20,2,0.0,0.0,0.0,0.0,0.0,0.0
7,11,density,20,3,0.0,0.0,0.0,0.0,0.0,0.0
7,11,density,20,4,0.0,0.0,0.0,0.0,0.0,0.0
7,11,density,20,5,0.0,0.0,0.0,0.0,0.0,0.0
7,11,density,20,6,0.0,0.0,0.0,0.0,0.0,0.0
7,11,density,20,7,0.0,0.0,0.0,0.0,0.0,0.0
7,11,density,20,8,0.0,0.0,0.0,0.0,0.0,0.0
7,11,density,20,9,0.0,0.0,0.0,0.0,0.0,0.0
7,11,density,20,10,0.0,0.0,0.0,0.0,0.0,0.0
7,11,density,20,11,0.0,0.0,0.0,0.0,0.0,0.0
7,11,density,20,12,0.0,0.0,0.0,0.0,0.0,0.0
7,11,density,20,13,0.0,0.0,0.0,0.0,0.0,0.0
7,11,density,20,14,0.0,0.0,0.0,0.0,0.0,0.0
7,11,density,20,15,0.0,0.0,0.0,0.0,0.0,0.0
7,11,density,20,16,0.0,0.0,0.0,0.0,0.0,0.0
7,11,density,20,17,0.0,0.0,0.0,0.0,0.0,0.0
7,11,density,20,18,0.0,0.0,0.0,0.0,0.0,0.0
7,11,density,20,19,15286.807,31758.115,25217640.0,5021.717,16471.309,16471.309
7,11,density,20,20,45860.367,154707.34,15802869.0,3975.2822,108846.98,108846.98
7,11,density,20,21,152868.25,221261.34,21925658.0,4682.484,68393.09,68393.09
7,11,density,20,22,336309.75,222778.0,22440832.0,4737.1753,-113531.75,113531.75
7,11,density,20,23,152867.89,128968.734,19827502.0,4452.8086,-23899.156,23899.156
7,11,density,20,24,15286.807,14106.223,46639970.0,6829.346,-1180.584,1180.584
7,11,density,20,25,0.0,0.0,0.0,0.0,0.0,0.0
7,11,density,20,26,0.0,0.0,0.0,0.0,0.0,0.0
7,11,density,20,27,0.0,0.0,0.0,0.0,0.0,0.0
7,11,density,20,28,0.0,0.0,0.0,0.0,0.0,0.0
7,11,density,20,29,0.0,0.0,0.0,0.0,0.0,0.0
7,11,density,20,30,0.0,0.0,0.0,0.0,0.0,0.0
7,11,density,20,31,0.0,0.0,0.0,0.0,0.0,0.0
7,11,density,20,32,0.0,0.0,0.0,0.0,0.0,0.0
7,11,density,20,33,0.0,0.0,0.0,0.0,0.0,0.0
7,11,density,20,34,0.0,0.0,0.0,0.0,0.0,0.0
7,11,density,20,35,0.0,0.0,0.0,0.0,0.0,0.0
7,11,density,20,36,0.0,0.0,0.0,0.0,0.0,0.0
7,11,density,20,37,0.0,0.0,0.0,0.0,0.0,0.0
7,11,density,20,38,0.0,0.0,0.0,0.0,0.0,0.0
7,11,density,20,39,0.0,0.0,0.0,0.0,0.0,0.0
7,11,density,20,40,0.0,0.0,0.0,0.0,0.0,0.0
7,11,density,20,41,0.0,0.0,0.0,0.0,0.0,0.0
7,11,density,20,42,0.0,0.0,0.0,0.0,0.0,0.0
7,11,density,20,43,0.0,0.0,0.0,0.0,0.0,0.0
7,11,density,20,44,0.0,0.0,0.0,0.0,0.0,0.0
7,11,density,20,45,0.0,0.0,0.0,0.0,0.0,0.0
7,11,density,20,46,0.0,0.0,0.0,0.0,0.0,0.0
7,11,density,20,47,0.0,0.0,0.0,0.0,0.0,0.0
7,11,density,20,48,0.0,0.0,0.0,0.0,0.0,0.0
7,11,density,20,49,0.0,0.0,0.0,0.0,0.0,0.0
7,11,density,20,50,0.0,0.0,0.0,0.0,0.0,0.0
7,11,density,20,51,0.0,0.0,0.0,0.0,0.0,0.0
7,11,density,20,52,0.0,0.0,0.0,0.0,0.0,0.0
7,11,density,20,53,0.0,0.0,0.0,0.0,0.0,0.0
7,11,density,20,54,0.0,0.0,0.0,0.0,0.0,0.0
7,11,density,20,55,0.0,0.0,0.0,0.0,0.0,0.0
7,11,density,20,56,0.0,0.0,0.0,0.0,0.0,0.0
7,11,density,20,57,0.0,0.0,0.0,0.0,0.0,0.0
7,11,density,20,58,0.0,0.0,0.0,0.0,0.0,0.0
7,11,density,20,59,0.0,0.0,0.0,0.0,0.0,0.0
7,11,density,20,60,0.0,0.0,0.0,0.0,0.0,0.0
7,11,density,20,61,0.0,0.0,0.0,0.0,0.0,0.0
7,11,density,20,62,0.0,0.0,0.0,0.0,0.0,0.0
7,11,density,20,63,0.0,0.0,0.0,0.0,0.0,0.0
7,11,density,21,0,0.0,0.0,0.0,0.0,0.0,0.0
7,11,density,21,1,0.0,0.0,0.0,0.0,0.0,0.0
7,11,density,21,2,0.0,0.0,0.0,0.0,0.0,0.0
7,11,density,21,3,0.0,0.0,0.0,0.0,0.0,0.0
7,11,density,21,4,0.0,0.0,0.0,0.0,0.0,0.0
7,11,density,21,5,0.0,0.0,0.0,0.0,0.0,0.0
7,11,density,21,6,0.0,0.0,0.0,0.0,0.0,0.0
7,11,density,21,7,0.0,0.0,0.0,0.0,0.0,0.0
7,11,density,21,8,0.0,0.0,0.0,0.0,0.0,0.0
7,11,density,21,9,0.0,0.0,0.0,0.0,0.0,0.0
7,11,density,21,10,0.0,0.0,0.0,0.0,0.0,0.0
7,11,density,21,11,0.0,0.0,0.0,0.0,0.0,0.0
7,11,density,21,12,0.0,0.0,0.0,0.0,0.0,0.0
7,11,density,21,13,0.0,0.0,0.0,0.0,0.0,0.0
7,11,density,21,14,0.0,0.0,0.0,0.0,0.0,0.0
7,11,density,21,15,0.0,0.0,0.0,0.0,0.0,0.0
7,11,density,21,16,0.0,0.0,0.0,0.0,0.0,0.0
7,11,density,21,17,0.0,0.0,0.0,0.0,0.0,0.0
7,11,density,21,18,0.0,0.0,0.0,0.0,0.0,0.0
7,11,density,21,19,0.0,11118.895,39426184.0,6279.0273,11118.895,11118.895
7,11,density,21,20,91720.664,154783.22,28613880.0,5349.1943,63062.555,63062.555
7,11,density,21,21,229302.2,268092.56,32322142.0,5685.257,38790.36,38790.36
7,11,density,21,22,473890.7,291292.22,38707970.0,6221.5728,-182598.47,182598.47
7,11,density,21,23,198728.11,191903.97,26478196.0,5145.697,-6824.1406,6824.1406
7,11,density,21,24,30573.592,54838.312,55308348.0,7436.9585,24264.72,24264.72
7,11,density,21,25,0.0,0.0,0.0,0.0,0.0,0.0
7,11,density,21,26,0.0,0.0,0.0,0.0,0.0,0.0
7,11,density,21,27,0.0,0.0,0.0,0.0,0.0,0.0
7,11,density,21,28,0.0,0.0,0.0,0.0,0.0,0.0
7,11,density,21,29,0.0,0.0,0.0,0.0,0.0,0.0
7,11,density,21,30,0.0,0.0,0.0,0.0,0.0,0.0
7,11,density,21,31,0.0,0.0,0.0,0.0,0.0,0.0
7,11,density,21,32,0.0,0.0,0.0,0.0,0.0,0.0
7,11,density,21,33,0.0,0.0,0.0,0.0,0.0,0.0
7,11,density,21,34,0.0,0.0,0.0,0.0,0.0,0.0
7,11,density,21,35,0.0,0.0,0.0,0.0,0.0,0.0
7,11,density,21,36,0.0,0.0,0.0,0.0,0.0,0.0
7,11,density,21,37,0.0,0.0,0.0,0.0,0.0,0.0
7,11,density,21,38,0.0,0.0,0.0,0.0,0.0,0.0
7,11,density,21,39,0.0,0.0,0.0,0.0,0.0,0.0
7,11,density,21,40,0.0,0.0,0.0,0.0,0.0,0.0
7,11,density,21,41,0.0,0.0,0.0,0.0,0.0,0.0
7,11,density,21,42,0.0,0.0,0.0,0.0,0.0,0.0
7,11,density,21,43,0.0,0.0,0.0,0.0,0.0,0.0
7,11,density,21,44,0.0,0.0,0.0,0.0,0.0,0.0
7,11,density,21,45,0.0,0.0,0.0,0.0,0.0,0.0
7,11,density,21,46,0.0,0.0,0.0,0.0,0.0,0.0
7,11,density,21,47,0.0,0.0,0.0,0.0,0.0,0.0
7,11,density,21,48,0.0,0.0,0.0,0.0,0.0,0.0
7,11,density,21,49,0.0,0.0,0.0,0.0,0.0,0.0
7,11,density,21,50,0.0,0.0,0.0,0.0,0.0,0.0
7,11,density,21,51,0.0,0.0,0.0,0.0,0.0,0.0
7,11,density,21,52,0.0,0.0,0.0,0.0,0.0,0.0
7,11,density,21,53,0.0,0.0,0.0,0.0,0.0,0.0
7,11,density,21,54,0.0,0.0,0.0,0.0,0.0,0.0
7,11,density,21,55,0.0,0.0,0.0,0.0,0.0,0.0
7,11,density,21,56,0.0,0.0,0.0,0.0,0.0,0.0
7,11,density,21,57,0.0,0.0,0.0,0.0,0.0,0.0
7,11,density,21,58,0.0,0.0,0.0,0.0,0.0,0.0
7,11,density,21,59,0.0,0.0,0.0,0.0,0.0,0.0
7,11,density,21,60,0.0,0.0,0.0,0.0,0.0,0.0
7,11,density,21,61,0.0,0.0,0.0,0.0,0.0,0.0
7,11,density,21,62,0.0,0.0,0.0,0.0,0.0,0.0
7,11,density,21,63,0.0,0.0,0.0,0.0,0.0,0.0
7,11,density,22,0,0.0,0.0,0.0,0.0,0.0,0.0
7,11,density,22,1,0.0,0.0,0.0,0.0,0.0,0.0
7,11,density,22,2,0.0,0.0,0.0,0.0,0.0,0.0
7,11,density,22,3,0.0,0.0,0.0,0.0,0.0,0.0
7,11,density,22,4,0.0,0.0,0.0,0.0,0.0,0.0
7,11,density,22,5,0.0,0.0,0.0,0.0,0.0,0.0
7,11,density,22,6,0.0,0.0,0.0,0.0,0.0,0.0
7,11,density,22,7,0.0,0.0,0.0,0.0,0.0,0.0
7,11,density,22,8,0.0,0.0,0.0,0.0,0.0,0.0
7,11,density,22,9,0.0,0.0,0.0,0.0,0.0,0.0
7,11,density,22,10,0.0,0.0,0.0,0.0,0.0,0.0
7,11,density,22,11,0.0,0.0,0.0,0.0,0.0,0.0
7,11,density,22,12,0.0,0.0,0.0,0.0,0.0,0.0
7,11,density,22,13,0.0,0.0,0.0,0.0,0.0,0.0
7,11,density,22,14,0.0,0.0,0.0,0.0,0.0,0.0
7,11,density,22,15,0.0,0.0,0.0,0.0,0.0,0.0
7,11,density,22,16,0.0,0.0,0.0,0.0,0.0,0.0
7,11,density,22,17,0.0,0.0,0.0,0.0,0.0,0.0
7,11,density,22,18,0.0,0.0,0.0,0.0,0.0,0.0
7,11,density,22,19,15286.807,0.0,0.0,0.0,-15286.807,15286.807
7,11,density,22,20,107007.52,126582.64,53808156.0,7335.4043,19575.117,19575.117
7,11,density,22,21,382170.62,313582.66,46431356.0,6814.0557,-68587.97,68587.97
7,11,density,22,22,580898.6,394896.44,76218824.0,8730.339,-186002.19,186002.19
7,11,density,22,23,428030.1,287830.44,40073136.0,6330.3345,-140199.66,140199.66
7,11,density,22,24,91720.836,125087.93,67619880.0,8223.131,33367.094,33367.094
7,11,density,22,25,30573.613,135.98198,812191.1,901.2165,-30437.63,30437.63
7,11,density,22,26,0.0,0.0,0.0,0.0,0.0,0.0
7,11,density,22,27,0.0,0.0,0.0,0.0,0.0,0.0
7,11,density,22,28,0.0,0.0,0.0,0.0,0.0,0.0
7,11,density,22,29,0.0,0.0,0.0,0.0,0.0,0.0
7,11,density,22,30,0.0,0.0,0.0,0.0,0.0,0.0
7,11,density,22,31,0.0,0.0,0.0,0.0,0.0,0.0
7,11,density,22,32,0.0,0.0,0.0,0.0,0.0,0.0
7,11,density,22,33,0.0,0.0,0.0,0.0,0.0,0.0
7,11,density,22,34,0.0,0.0,0.0,0.0,0.0,0.0
7,11,density,22,35,0.0,0.0,0.0,0.0,0.0,0.0
7,11,density,22,36,0.0,0.0,0.0,0.0,0.0,0.0
7,11,density,22,37,0.0,0.0,0.0,0.0,0.0,0.0
7,11,density,22,38,0.0,0.0,0.0,0.0,0.0,0.0
7,11,density,22,39,0.0,0.0,0.0,0.0,0.0,0.0
7,11,density,22,40,0.0,0.0,0.0,0.0,0.0,0.0
7,11,density,22,41,0.0,0.0,0.0,0.0,0.0,0.0
7,11,density,22,42,0.0,0.0,0.0,0.0,0.0,0.0
7,11,density,22,43,0.0,0.0,0.0,0.0,0.0,0.0
7,11,density,22,44,0.0,0.0,0.0,0.0,0.0,0.0
7,11,density,22,45,0.0,0.0,0.0,0.0,0.0,0.0
7,11,density,22,46,0.0,0.0,0.0,0.0,0.0,0.0
7,11,density,22,47,0.0,0.0,0.0,0.0,0.0,0.0
7,11,density,22,48,0.0,0.0,0.0,0.0,0.0,0.0
7,11,density,22,49,0.0,0.0,0.0,0.0,0.0,0.0
7,11,density,22,50,0.0,0.0,0.0,0.0,0.0,0.0
7,11,density,22,51,0.0,0.0,0.0,0.0,0.0,0.0
7,11,density,22,52,0.0,0.0,0.0,0.0,0.0,0.0
7,11,density,22,53,0.0,0.0,0.0,0.0,0.0,0.0
7,11,density,22,54,0.0,0.0,0.0,0.0,0.0,0.0
7,11,density,22,55,0.0,0.0,0.0,0.0,0.0,0.0
7,11,density,22,56,0.0,0.0,0.0,0.0,0.0,0.0
7,11,density,22,57,0.0,0.0,0.0,0.0,0.0,0.0
7,11,density,22,58,0.0,0.0,0.0,0.0,0.0,0.0
7,11,density,22,59,0.0,0.0,0.0,0.0,0.0,0.0
7,11,density,22,60,0.0,0.0,0.0,0.0,0.0,0.0
7,11,density,22,61,0.0,0.0,0.0,0.0,0.0,0.0
7,11,density,22,62,0.0,0.0,0.0,0.0,0.0,0.0
7,11,density,22,63,0.0,0.0,0.0,0.0,0.0,0.0
7,11,density,23,0,0.0,0.0,0.0,0.0,0.0,0.0
7,11,density,23,1,0.0,0.0,0.0,0.0,0.0,0.0
7,11,density,23,2,0.0,0.0,0.0,0.0,0.0,0.0
7,11,density,23,3,0.0,0.0,0.0,0.0,0.0,0.0
7,11,density,23,4,0.0,0.0,0.0,0.0,0.0,0.0
7,11,density,23,5,0.0,0.0,0.0,0.0,0.0,0.0
7,11,density,23,6,0.0,0.0,0.0,0.0,0.0,0.0
7,11,density,23,7,0.0,0.0,0.0,0.0,0.0,0.0
7,11,density,23,8,0.0,0.0,0.0,0.0,0.0,0.0
7,11,density,23,9,0.0,0.0,0.0,0.0,0.0,0.0
7,11,density,23,10,0.0,0.0,0.0,0.0,0.0,0.0
7,11,density,23,11,0.0,0.0,0.0,0.0,0.0,0.0
7,11,density,23,12,0.0,0.0,0.0,0.0,0.0,0.0
7,11,density,23,13,0.0,0.0,0.0,0.0,0.0,0.0
7,11,density,23,14,0.0,0.0,0.0,0.0,0.0,0.0
7,11,density,23,15,0.0,0.0,0.0,0.0,0.0,0.0
7,11,density,23,16,0.0,0.0,0.0,0.0,0.0,0.0
7,11,density,23,17,0.0,0.0,0.0,0.0,0.0,0.0
7,11,density,23,18,0.0,0.0,0.0,0.0,0.0,0.0
7,11,density,23,19,0.0,0.0,0.0,0.0,0.0,0.0
7,11,density,23,20,0.0,55377.766,81720930.0,9039.963,55377.766,55377.766
7,11,density,23,21,76434.01,269505.1,65114240.0,8069.3394,193071.1,193071.1
7,11,density,23,22,535037.44,500821.25,128115480.0,11318.811,-34216.188,34216.188
7,11,density,23,23,687904.56,446498.53,83612480.0,9143.986,-241406.03,241406.03
7,11,density,23,24,397456.4,250004.28,96817704.0,9839.599,-147452.12,147452.12
7,11,density,23,25,30573.568,64628.906,117294920.0,10830.278,34055.336,34055.336
7,11,density,23,26,0.0,0.0,0.0,0.0,0.0,0.0
7,11,density,23,27,0.0,0.0,0.0,0.0,0.0,0.0
7,11,density,23,28,0.0,0.0,0.0,0.0,0.0,0.0
7,11,density,23,29,0.0,0.0,0.0,0.0,0.0,0.0
7,11,density,23,30,0.0,0.0,0.0,0.0,0.0,0.0
7,11,density,23,31,0.0,0.0,0.0,0.0,0.0,0.0
7,11,density,23,32,0.0,0.0,0.0,0.0,0.0,0.0
7,11,density,23,33,0.0,0.0,0.0,0.0,0.0,0.0
7,11,density,23,34,0.0,0.0,0.0,0.0,0.0,0.0
7,11,density,23,35,0.0,0.0,0.0,0.0,0.0,0.0
7,11,density,23,36,0.0,0.0,0.0,0.0,0.0,0.0
7,11,density,23,37,0.0,0.0,0.0,0.0,0.0,0.0
7,11,density,23,38,0.0,0.0,0.0,0.0,0.0,0.0
7,11,density,23,39,0.0,0.0,0.0,0.0,0.0,0.0
7,11,density,23,40,0.0,0.0,0.0,0.0,0.0,0.0
7,11,density,23,41,0.0,0.0,0.0,0.0,0.0,0.0
7,11,density,23,42,0.0,0.0,0.0,0.0,0.0,0.0
7,11,density,23,43,0.0,0.0,0.0,0.0,0.0,0.0
7,11,density,23,44,0.0,0.0,0.0,0.0,0.0,0.0
7,11,density,23,45,0.0,0.0,0.0,0.0,0.0,0.0
7,11,density,23,46,0.0,0.0,0.0,0.0,0.0,0.0
7,11,density,23,47,0.0,0.0,0.0,0.0,0.0,0.0
7,11,density,23,48,0.0,0.0,0.0,0.0,0.0,0.0
7,11,density,23,49,0.0,0.0,0.0,0.0,0.0,0.0
7,11,density,23,50,0.0,0.0,0.0,0.0,0.0,0.0
7,11,density,23,51,0.0,0.0,0.0,0.0,0.0,0.0
7,11,density,23,52,0.0,0.0,0.0,0.0,0.0,0.0
7,11,density,23,53,0.0,0.0,0.0,0.0,0.0,0.0
7,11,density,23,54,0.0,0.0,0.0,0.0,0.0,0.0
7,11,density,23,55,0.0,0.0,0.0,0.0,0.0,0.0
7,11,density,23,56,0.0,0.0,0.0,0.0,0.0,0.0
7,11,density,23,57,0.0,0.0,0.0,0.0,0.0,0.0
7,11,density,23,58,0.0,0.0,0.0,0.0,0.0,0.0
7,11,density,23,59,0.0,0.0,0.0,0.0,0.0,0.0
7,11,density,23,60,0.0,0.0,0.0,0.0,0.0,0.0
7,11,density,23,61,0.0,0.0,0.0,0.0,0.0,0.0
7,11,density,23,62,0.0,0.0,0.0,0.0,0.0,0.0
7,11,density,23,63,0.0,0.0,0.0,0.0,0.0,0.0
7,11,density,24,0,0.0,0.0,0.0,0.0,0.0,0.0
7,11,density,24,1,0.0,0.0,0.0,0.0,0.0,0.0
7,11,density,24,2,0.0,0.0,0.0,0.0,0.0,0.0
7,11,density,24,3,0.0,0.0,0.0,0.0,0.0,0.0
7,11,density,24,4,0.0,0.0,0.0,0.0,0.0,0.0
7,11,density,24,5,0.0,0.0,0.0,0.0,0.0,0.0
7,11,density,24,6,0.0,0.0,0.0,0.0,0.0,0.0
7,11,density,24,7,0.0,0.0,0.0,0.0,0.0,0.0
7,11,density,24,8,0.0,0.0,0.0,0.0,0.0,0.0
7,11,density,24,9,0.0,0.0,0.0,0.0,0.0,0.0
7,11,density,24,10,0.0,0.0,0.0,0.0,0.0,0.0
7,11,density,24,11,0.0,0.0,0.0,0.0,0.0,0.0
7,11,density,24,12,0.0,0.0,0.0,0.0,0.0,0.0
7,11,density,24,13,0.0,0.0,0.0,0.0,0.0,0.0
7,11,density,24,14,0.0,0.0,0.0,0.0,0.0,0.0
7,11,density,24,15,0.0,0.0,0.0,0.0,0.0,0.0
7,11,density,24,16,0.0,0.0,0.0,0.0,0.0,0.0
7,11,density,24,17,0.0,0.0,0.0,0.0,0.0,0.0
7,11,density,24,18,0.0,0.0,0.0,0.0,0.0,0.0
7,11,density,24,19,0.0,0.0,0.0,0.0,0.0,0.0
7,11,density,24,20,0.0,0.0,0.0,0.0,0.0,0.0
7,11,density,24,21,45860.477,144195.81,107022670.0,10345.177,98335.336,98335.336
7,11,density,24,22,412743.78,434146.28,110293270.0,10502.061,21402.5,21402.5
7,11,density,24,23,657331.94,639971.7,197836300.0,14065.43,-17360.25,17360.25
7,11,density,24,24,611472.25,473477.5,137428530.0,11722.991,-137994.75,137994.75
7,11,density,24,25,137581.27,191484.44,170104620.0,13042.416,53903.17,53903.17
7,11,density,24,26,15286.825,389.29254,3331510.8,1825.2427,-14897.532,14897.532
7,11,density,24,27,0.0,0.0,0.0,0.0,0.0,0.0
7,11,density,24,28,0.0,0.0,0.0,0.0,0.0,0.0
7,11,density,24,29,0.0,0.0,0.0,0.0,0.0,0.0
7,11,density,24,30,0.0,0.0,0.0,0.0,0.0,0.0
7,11,density,24,31,0.0,0.0,0.0,0.0,0.0,0.0
7,11,density,24,32,0.0,0.0,0.0,0.0,0.0,0.0
7,11,density,24,33,0.0,0.0,0.0,0.0,0.0,0.0
7,11,density,24,34,0.0,0.0,0.0,0.0,0.0,0.0
7,11,density,24,35,0.0,0.0,0.0,0.0,0.0,0.0
7,11,density,24,36,0.0,0.0,0.0,0.0,0.0,0.0
7,11,density,24,37,0.0,0.0,0.0,0.0,0.0,0.0
7,11,density,24,38,0.0,0.0,0.0,0.0,0.0,0.0
7,11,density,24,39,0.0,0.0,0.0,0.0,0.0,0.0
7,11,density,24,40,0.0,0.0,0.0,0.0,0.0,0.0
7,11,density,24,41,0.0,0.0,0.0,0.0,0.0,0.0
7,11,density,24,42,0.0,0.0,0.0,0.0,0.0,0.0
7,11,density,24,43,0.0,0.0,0.0,0.0,0.0,0.0
7,11,density,24,44,0.0,0.0,0.0,0.0,0.0,0.0
7,11,density,24,45,0.0,0.0,0.0,0.0,0.0,0.0
7,11,density,24,46,0.0,0.0,0.0,0.0,0.0,0.0
7,11,density,24,47,0.0,0.0,0.0,0.0,0.0,0.0
7,11,density,24,48,0.0,0.0,0.0,0.0,0.0,0.0
7,11,density,24,49,0.0,0.0,0.0,0.0,0.0,0.0
7,11,density,24,50,0.0,0.0,0.0,0.0,0.0,0.0
7,11,density,24,51,0.0,0.0,0.0,0.0,0.0,0.0
7,11,density,24,52,0.0,0.0,0.0,0.0,0.0,0.0
7,11,density,24,53,0.0,0.0,0.0,0.0,0.0,0.0
7,11,density,24,54,0.0,0.0,0.0,0.0,0.0,0.0
7,11,density,24,55,0.0,0.0,0.0,0.0,0.0,0.0
7,11,density,24,56,0.0,0.0,0.0,0.0,0.0,0.0
7,11,density,24,57,0.0,0.0,0.0,0.0,0.0,0.0
7,11,density,24,58,0.0,0.0,0.0,0.0,0.0,0.0
7,11,density,24,59,0.0,0.0,0.0,0.0,0.0,0.0
7,11,density,24,60,0.0,0.0,0.0,0.0,0.0,0.0
7,11,density,24,61,0.0,0.0,0.0,0.0,0.0,0.0
7,11,density,24,62,0.0,0.0,0.0,0.0,0.0,0.0
7,11,density,24,63,0.0,0.0,0.0,0.0,0.0,0.0
7,11,density,25,0,0.0,0.0,0.0,0.0,0.0,0.0
7,11,density,25,1,0.0,0.0,0.0,0.0,0.0,0.0
7,11,density,25,2,0.0,0.0,0.0,0.0,0.0,0.0
7,11,density,25,3,0.0,0.0,0.0,0.0,0.0,0.0
7,11,density,25,4,0.0,0.0,0.0,0.0,0.0,0.0
7,11,density,25,5,0.0,0.0,0.0,0.0,0.0,0.0
7,11,density,25,6,0.0,0.0,0.0,0.0,0.0,0.0
7,11,density,25,7,0.0,0.0,0.0,0.0,0.0,0.0
7,11,density,25,8,0.0,0.0,0.0,0.0,0.0,0.0
7,11,density,25,9,0.0,0.0,0.0,0.0,0.0,0.0
7,11,density,25,10,0.0,0.0,0.0,0.0,0.0,0.0
7,11,density,25,11,0.0,0.0,0.0,0.0,0.0,0.0
7,11,density,25,12,0.0,0.0,0.0,0.0,0.0,0.0
7,11,density,25,13,0.0,0.0,0.0,0.0,0.0,0.0
7,11,density,25,14,0.0,0.0,0.0,0.0,0.0,0.0
7,11,density,25,15,0.0,0.0,0.0,0.0,0.0,0.0
7,11,density,25,16,0.0,0.0,0.0,0.0,0.0,0.0
7,11,density,25,17,0.0,0.0,0.0,0.0,0.0,0.0
7,11,density,25,18,0.0,0.0,0.0,0.0,0.0,0.0
7,11,density,25,19,0.0,0.0,0.0,0.0,0.0,0.0
7,11,density,25,20,0.0,0.0,0.0,0.0,0.0,0.0
7,11,density,25,21,15286.825,10506.525,99545340.0,9977.241,-4780.3,4780.3
7,11,density,25,22,229302.1,243159.89,127210280.0,11278.753,13857.797,13857.797
7,11,density,25,23,626758.4,597258.7,183205300.0,13535.335,-29499.688,29499.688
7,11,density,25,24,840774.4,765433.3,262457860.0,16200.551,-75341.06,75341.06
7,11,density,25,25,382170.16,467681.44,194263500.0,13937.845,85511.28,85511.28
7,11,density,25,26,122294.6,143305.62,177564400.0,13325.329,21011.023,21011.023
7,11,density,25,27,0.0,0.0,0.0,0.0,0.0,0.0
7,11,density,25,28,15286.789,0.0,0.0,0.0,-15286.789,15286.789
7,11,density,25,29,0.0,0.0,0.0,0.0,0.0,0.0
7,11,density,25,30,0.0,0.0,0.0,0.0,0.0,0.0
7,11,density,25,31,0.0,0.0,0.0,0.0,0.0,0.0
7,11,density,25,32,0.0,0.0,0.0,0.0,0.0,0.0
7,11,density,25,33,0.0,0.0,0.0,0.0,0.0,0.0
7,11,density,25,34,0.0,0.0,0.0,0.0,0.0,0.0
7,11,density,25,35,0.0,0.0,0.0,0.0,0.0,0.0
7,11,density,25,36,0.0,0.0,0.0,0.0,0.0,0.0
7,11,density,25,37,0.0,0.0,0.0,0.0,0.0,0.0
7,11,density,25,38,0.0,0.0,0.0,0.0,0.0,0.0
7,11,density,25,39,0.0,0.0,0.0,0.0,0.0,0.0
7,11,density,25,40,0.0,0.0,0.0,0.0,0.0,0.0
7,11,density,25,41,0.0,0.0,0.0,0.0,0.0,0.0
7,11,density,25,42,0.0,0.0,0.0,0.0,0.0,0.0
7,11,density,25,43,0.0,0.0,0.0,0.0,0.0,0.0
7,11,density,25,44,0.0,0.0,0.0,0.0,0.0,0.0
7,11,density,25,45,0.0,0.0,0.0,0.0,0.0,0.0
7,11,density,25,46,0.0,0.0,0.0,0.0,0.0,0.0
7,11,density,25,47,0.0,0.0,0.0,0.0,0.0,0.0
7,11,density,25,48,0.0,0.0,0.0,0.0,0.0,0.0
7,11,density,25,49,0.0,0.0,0.0,0.0,0.0,0.0
7,11,density,25,50,0.0,0.0,0.0,0.0,0.0,0.0
7,11,density,25,51,0.0,0.0,0.0,0.0,0.0,0.0
7,11,density,25,52,0.0,0.0,0.0,0.0,0.0,0.0
7,11,density,25,53,0.0,0.0,0.0,0.0,0.0,0.0
7,11,density,25,54,0.0,0.0,0.0,0.0,0.0,0.0
7,11,density,25,55,0.0,0.0,0.0,0.0,0.0,0.0
7,11,density,25,56,0.0,0.0,0.0,0.0,0.0,0.0
7,11,density,25,57,0.0,0.0,0.0,0.0,0.0,0.0
7,11,density,25,58,0.0,0.0,0.0,0.0,0.0,0.0
7,11,density,25,59,0.0,0.0,0.0,0.0,0.0,0.0
7,11,density,25,60,0.0,0.0,0.0,0.0,0.0,0.0
7,11,density,25,61,0.0,0.0,0.0,0.0,0.0,0.0
7,11,density,25,62,0.0,0.0,0.0,0.0,0.0,0.0
7,11,density,25,63,0.0,0.0,0.0,0.0,0.0,0.0
7,11,density,26,0,0.0,0.0,0.0,0.0,0.0,0.0
7,11,density,26,1,0.0,0.0,0.0,0.0,0.0,0.0
7,11,density,26,2,0.0,0.0,0.0,0.0,0.0,0.0
7,11,density,26,3,0.0,0.0,0.0,0.0,0.0,0.0
7,11,density,26,4,0.0,0.0,0.0,0.0,0.0,0.0
7,11,density,26,5,0.0,0.0,0.0,0.0,0.0,0.0
7,11,density,26,6,0.0,0.0,0.0,0.0,0.0,0.0
7,11,density,26,7,0.0,0.0,0.0,0.0,0.0,0.0
7,11,density,26,8,0.0,0.0,0.0,0.0,0.0,0.0
7,11,density,26,9,0.0,0.0,0.0,0.0,0.0,0.0
7,11,density,26,10,0.0,0.0,0.0,0.0,0.0,0.0
7,11,density,26,11,0.0,0.0,0.0,0.0,0.0,0.0
7,11,density,26,12,0.0,0.0,0.0,0.0,0.0,0.0
7,11,density,26,13,0.0,0.0,0.0,0.0,0.0,0.0
7,11,density,26,14,0.0,0.0,0.0,0.0,0.0,0.0
7,11,density,26,15,0.0,0.0,0.0,0.0,0.0,0.0
7,11,density,26,16,0.0,0.0,0.0,0.0,0.0,0.0
7,11,density,26,17,0.0,0.0,0.0,0.0,0.0,0.0
7,11,density,26,18,0.0,0.0,0.0,0.0,0.0,0.0
7,11,density,26,19,0.0,0.0,0.0,0.0,0.0,0.0
7,11,density,26,20,0.0,0.0,0.0,0.0,0.0,0.0
7,11,density,26,21,0.0,0.0,0.0,0.0,0.0,0.0
7,11,density,26,22,61147.227,36227.5,164542700.0,12827.42,-24919.727,24919.727
7,11,density,26,23,214015.05,359226.0,150123470.0,12252.488,145210.95,145210.95
7,11,density,26,24,825487.56,721970.0,252897500.0,15902.751,-103517.56,103517.56
7,11,density,26,25,810200.75,847130.1,318221470.0,17838.764,36929.375,36929.375
7,11,density,26,26,351596.97,478200.22,237972880.0,15426.369,126603.25,126603.25
7,11,density,26,27,61147.156,121287.484,200878540.0,14173.163,60140.33,60140.33
7,11,density,26,28,15286.789,0.0,0.0,0.0,-15286.789,15286.789
7,11,density,26,29,0.0,0.0,0.0,0.0,0.0,0.0
7,11,density,26,30,0.0,0.0,0.0,0.0,0.0,0.0
7,11,density,26,31,0.0,0.0,0.0,0.0,0.0,0.0
7,11,density,26,32,0.0,0.0,0.0,0.0,0.0,0.0
7,11,density,26,33,0.0,0.0,0.0,0.0,0.0,0.0
7,11,density,26,34,0.0,0.0,0.0,0.0,0.0,0.0
7,11,density,26,35,0.0,0.0,0.0,0.0,0.0,0.0
7,11,density,26,36,0.0,0.0,0.0,0.0,0.0,0.0
7,11,density,26,37,0.0,0.0,0.0,0.0,0.0,0.0
7,11,density,26,38,0.0,0.0,0.0,0.0,0.0,0.0
7,11,density,26,39,0.0,0.0,0.0,0.0,0.0,0.0
7,11,density,26,40,0.0,0.0,0.0,0.0,0.0,0.0
7,11,density,26,41,0.0,0.0,0.0,0.0,0.0,0.0
7,11,density,26,42,0.0,0.0,0.0,0.0,0.0,0.0
7,11,density,26,43,0.0,0.0,0.0,0.0,0.0,0.0
7,11,density,26,44,0.0,0.0,0.0,0.0,0.0,0.0
7,11,density,26,45,0.0,0.0,0.0,0.0,0.0,0.0
7,11,density,26,46,0.0,0.0,0.0,0.0,0.0,0.0
7,11,density,26,47,0.0,0.0,0.0,0.0,0.0,0.0
7,11,density,26,48,0.0,0.0,0.0,0.0,0.0,0.0
7,11,density,26,49,0.0,0.0,0.0,0.0,0.0,0.0
7,11,density,26,50,0.0,0.0,0.0,0.0,0.0,0.0
7,11,density,26,51,0.0,0.0,0.0,0.0,0.0,0.0
7,11,density,26,52,0.0,0.0,0.0,0.0,0.0,0.0
7,11,density,26,53,0.0,0.0,0.0,0.0,0.0,0.0
7,11,density,26,54,0.0,0.0,0.0,0.0,0.0,0.0
7,11,density,26,55,0.0,0.0,0.0,0.0,0.0,0.0
7,11,density,26,56,0.0,0.0,0.0,0.0,0.0,0.0
7,11,density,26,57,0.0,0.0,0.0,0.0,0.0,0.0
7,11,density,26,58,0.0,0.0,0.0,0.0,0.0,0.0
7,11,density,26,59,0.0,0.0,0.0,0.0,0.0,0.0
7,11,density,26,60,0.0,0.0,0.0,0.0,0.0,0.0
7,11,density,26,61,0.0,0.0,0.0,0.0,0.0,0.0
7,11,density,26,62,0.0,0.0,0.0,0.0,0.0,0.0
7,11,density,26,63,0.0,0.0,0.0,0.0,0.0,0.0
7,11,density,27,0,0.0,0.0,0.0,0.0,0.0,0.0
7,11,density,27,1,0.0,0.0,0.0,0.0,0.0,0.0
7,11,density,27,2,0.0,0.0,0.0,0.0,0.0,0.0
7,11,density,27,3,0.0,0.0,0.0,0.0,0.0,0.0
7,11,density,27,4,0.0,0.0,0.0,0.0,0.0,0.0
7,11,density,27,5,0.0,0.0,0.0,0.0,0.0,0.0
7,11,density,27,6,0.0,0.0,0.0,0.0,0.0,0.0
7,11,density,27,7,0.0,0.0,0.0,0.0,0.0,0.0
7,11,density,27,8,0.0,0.0,0.0,0.0,0.0,0.0
7,11,density,27,9,0.0,0.0,0.0,0.0,0.0,0.0
7,11,density,27,10,0.0,0.0,0.0,0.0,0.0,0.0
7,11,density,27,11,0.0,0.0,0.0,0.0,0.0,0.0
7,11,density,27,12,0.0,0.0,0.0,0.0,0.0,0.0
7,11,density,27,13,0.0,0.0,0.0,0.0,0.0,0.0
7,11,density,27,14,0.0,0.0,0.0,0.0,0.0,0.0
7,11,density,27,15,0.0,0.0,0.0,0.0,0.0,0.0
7,11,density,27,16,0.0,0.0,0.0,0.0,0.0,0.0
7,11,density,27,17,0.0,0.0,0.0,0.0,0.0,0.0
7,11,density,27,18,0.0,0.0,0.0,0.0,0.0,0.0
7,11,density,27,19,0.0,0.0,0.0,0.0,0.0,0.0
7,11,density,27,20,0.0,0.0,0.0,0.0,0.0,0.0
7,11,density,27,21,0.0,0.0,0.0,0.0,0.0,0.0
7,11,density,27,22,15286.784,0.0,0.0,0.0,-15286.784,15286.784
7,11,density,27,23,15286.768,99563.25,152729710.0,12358.387,84276.484,84276.484
7,11,density,27,24,443316.75,420470.3,179226320.0,13387.543,-22846.438,22846.438
7,11,density,27,25,1008927.75,807193.5,312176960.0,17668.531,-201734.25,201734.25
7,11,density,27,26,1008928.9,945518.44,393609500.0,19839.594,-63410.438,63410.438
7,11,density,27,27,458603.03,532886.3,237006450.0,15395.014,74283.28,74283.28
7,11,density,27,28,61147.07,142507.08,189534270.0,13767.145,81360.01,81360.01
7,11,density,27,29,0.0,0.0,0.0,0.0,0.0,0.0
7,11,density,27,30,0.0,0.0,0.0,0.0,0.0,0.0
7,11,density,27,31,0.0,0.0,0.0,0.0,0.0,0.0
7,11,density,27,32,0.0,0.0,0.0,0.0,0.0,0.0
7,11,density,27,33,0.0,0.0,0.0,0.0,0.0,0.0
7,11,density,27,34,0.0,0.0,0.0,0.0,0.0,0.0
7,11,density,27,35,0.0,0.0,0.0,0.0,0.0,0.0
7,11,density,27,36,0.0,0.0,0.0,0.0,0.0,0.0
7,11,density,27,37,0.0,0.0,0.0,0.0,0.0,0.0
7,11,density,27,38,0.0,0.0,0.0,0.0,0.0,0.0
7,11,density,27,39,0.0,0.0,0.0,0.0,0.0,0.0
7,11,density,27,40,0.0,0.0,0.0,0.0,0.0,0.0
7,11,density,27,41,0.0,0.0,0.0,0.0,0.0,0.0
7,11,density,27,42,0.0,0.0,0.0,0.0,0.0,0.0
7,11,density,27,43,0.0,0.0,0.0,0.0,0.0,0.0
7,11,density,27,44,0.0,0.0,0.0,0.0,0.0,0.0
7,11,density,27,45,0.0,0.0,0.0,0.0,0.0,0.0
7,11,density,27,46,0.0,0.0,0.0,0.0,0.0,0.0
7,11,density,27,47,0.0,0.0,0.0,0.0,0.0,0.0
7,11,density,27,48,0.0,0.0,0.0,0.0,0.0,0.0
7,11,density,27,49,0.0,0.0,0.0,0.0,0.0,0.0
7,11,density,27,50,0.0,0.0,0.0,0.0,0.0,0.0
7,11,density,27,51,0.0,0.0,0.0,0.0,0.0,0.0
7,11,density,27,52,0.0,0.0,0.0,0.0,0.0,0.0
7,11,density,27,53,0.0,0.0,0.0,0.0,0.0,0.0
7,11,density,27,54,0.0,0.0,0.0,0.0,0.0,0.0
7,11,density,27,55,0.0,0.0,0.0,0.0,0.0,0.0
7,11,density,27,56,0.0,0.0,0.0,0.0,0.0,0.0
7,11,density,27,57,0.0,0.0,0.0,0.0,0.0,0.0
7,11,density,27,58,0.0,0.0,0.0,0.0,0.0,0.0
7,11,density,27,59,0.0,0.0,0.0,0.0,0.0,0.0
7,11,density,27,60,0.0,0.0,0.0,0.0,0.0,0.0
7,11,density,27,61,0.0,0.0,0.0,0.0,0.0,0.0
7,11,density,27,62,0.0,0.0,0.0,0.0,0.0,0.0
7,11,density,27,63,0.0,0.0,0.0,0.0,0.0,0.0
7,11,density,28,0,0.0,0.0,0.0,0.0,0.0,0.0
7,11,density,28,1,0.0,0.0,0.0,0.0,0.0,0.0
7,11,density,28,2,0.0,0.0,0.0,0.0,0.0,0.0
7,11,density,28,3,0.0,0.0,0.0,0.0,0.0,0.0
7,11,density,28,4,0.0,0.0,0.0,0.0,0.0,0.0
7,11,density,28,5,0.0,0.0,0.0,0.0,0.0,0.0
7,11,density,28,6,0.0,0.0,0.0,0.0,0.0,0.0
7,11,density,28,7,0.0,0.0,0.0,0.0,0.0,0.0
7,11,density,28,8,0.0,0.0,0.0,0.0,0.0,0.0
7,11,density,28,9,0.0,0.0,0.0,0.0,0.0,0.0
7,11,density,28,10,0.0,0.0,0.0,0.0,0.0,0.0
7,11,density,28,11,0.0,0.0,0.0,0.0,0.0,0.0
7,11,density,28,12,0.0,0.0,0.0,0.0,0.0,0.0
7,11,density,28,13,0.0,0.0,0.0,0.0,0.0,0.0
7,11,density,28,14,0.0,0.0,0.0,0.0,0.0,0.0
7,11,density,28,15,0.0,0.0,0.0,0.0,0.0,0.0
7,11,density,28,16,0.0,0.0,0.0,0.0,0.0,0.0
7,11,density,28,17,0.0,0.0,0.0,0.0,0.0,0.0
7,11,density,28,18,0.0,0.0,0.0,0.0,0.0,0.0
7,11,density,28,19,0.0,0.0,0.0,0.0,0.0,0.0
7,11,density,28,20,0.0,0.0,0.0,0.0,0.0,0.0
7,11,density,28,21,0.0,0.0,0.0,0.0,0.0,0.0
7,11,density,28,22,0.0,0.0,0.0,0.0,0.0,0.0
7,11,density,28,23,0.0,0.0,0.0,0.0,0.0,0.0
7,11,density,28,24,30573.613,79170.86,171576640.0,13098.727,48597.246,48597.246
7,11,density,28,25,458604.2,418207.03,201057040.0,14179.458,-40397.156,40397.156
7,11,density,28,26,1100651.4,827580.75,356498700.0,18881.172,-273070.62,273070.62
7,11,density,28,27,1100648.9,1041265.2,483828100.0,21996.094,-59383.688,59383.688
7,11,density,28,28,611471.56,656384.5,267148980.0,16344.692,44912.938,44912.938
7,11,density,28,29,91721.055,191909.97,209421150.0,14471.391,100188.914,100188.914
7,11,density,28,30,15286.807,0.0,0.0,0.0,-15286.807,15286.807
7,11,density,28,31,0.0,0.0,0.0,0.0,0.0,0.0
7,11,density,28,32,0.0,0.0,0.0,0.0,0.0,0.0
7,11,density,28,33,0.0,0.0,0.0,0.0,0.0,0.0
7,11,density,28,34,0.0,0.0,0.0,0.0,0.0,0.0
7,11,density,28,35,0.0,0.0,0.0,0.0,0.0,0.0
7,11,density,28,36,0.0,0.0,0.0,0.0,0.0,0.0
7,11,density,28,37,0.0,0.0,0.0,0.0,0.0,0.0
7,11,density,28,38,0.0,0.0,0.0,0.0,0.0,0.0
7,11,density,28,39,0.0,0.0,0.0,0.0,0.0,0.0
7,11,density,28,40,0.0,0.0,0.0,0.0,0.0,0.0
7,11,density,28,41,0.0,0.0,0.0,0.0,0.0,0.0
7,11,density,28,42,0.0,0.0,0.0,0.0,0.0,0.0
7,11,density,28,43,0.0,0.0,0.0,0.0,0.0,0.0
7,11,density,28,44,0.0,0.0,0.0,0.0,0.0,0.0
7,11,density,28,45,0.0,0.0,0.0,0.0,0.0,0.0
7,11,density,28,46,0.0,0.0,0.0,0.0,0.0,0.0
7,11,density,28,47,0.0,0.0,0.0,0.0,0.0,0.0
7,11,density,28,48,0.0,0.0,0.0,0.0,0.0,0.0
7,11,density,28,49,0.0,0.0,0.0,0.0,0.0,0.0
7,11,density,28,50,0.0,0.0,0.0,0.0,0.0,0.0
7,11,density,28,51,0.0,0.0,0.0,0.0,0.0,0.0
7,11,density,28,52,0.0,0.0,0.0,0.0,0.0,0.0
7,11,density,28,53,0.0,0.0,0.0,0.0,0.0,0.0
7,11,density,28,54,0.0,0.0,0.0,0.0,0.0,0.0
7,11,density,28,55,0.0,0.0,0.0,0.0,0.0,0.0
7,11,density,28,56,0.0,0.0,0.0,0.0,0.0,0.0
7,11,density,28,57,0.0,0.0,0.0,0.0,0.0,0.0
7,11,density,28,58,0.0,0.0,0.0,0.0,0.0,0.0
7,11,density,28,59,0.0,0.0,0.0,0.0,0.0,0.0
7,11,density,28,60,0.0,0.0,0.0,0.0,0.0,0.0
7,11,density,28,61,0.0,0.0,0.0,0.0,0.0,0.0
7,11,density,28,62,0.0,0.0,0.0,0.0,0.0,0.0
7,11,density,28,63,0.0,0.0,0.0,0.0,0.0,0.0
7,11,density,29,0,0.0,0.0,0.0,0.0,0.0,0.0
7,11,density,29,1,0.0,0.0,0.0,0.0,0.0,0.0
7,11,density,29,2,0.0,0.0,0.0,0.0,0.0,0.0
7,11,density,29,3,0.0,0.0,0.0,0.0,0.0,0.0
7,11,density,29,4,0.0,0.0,0.0,0.0,0.0,0.0
7,11,density,29,5,0.0,0.0,0.0,0.0,0.0,0.0
7,11,density,29,6,0.0,0.0,0.0,0.0,0.0,0.0
7,11,density,29,7,0.0,0.0,0.0,0.0,0.0,0.0
7,11,density,29,8,0.0,0.0,0.0,0.0,0.0,0.0
7,11,density,29,9,0.0,0.0,0.0,0.0,0.0,0.0
7,11,density,29,10,0.0,0.0,0.0,0.0,0.0,0.0
7,11,density,29,11,0.0,0.0,0.0,0.0,0.0,0.0
7,11,density,29,12,0.0,0.0,0.0,0.0,0.0,0.0
7,11,density,29,13,0.0,0.0,0.0,0.0,0.0,0.0
7,11,density,29,14,0.0,0.0,0.0,0.0,0.0,0.0
7,11,density,29,15,0.0,0.0,0.0,0.0,0.0,0.0
7,11,density,29,16,0.0,0.0,0.0,0.0,0.0,0.0
7,11,density,29,17,0.0,0.0,0.0,0.0,0.0,0.0
7,11,density,29,18,0.0,0.0,0.0,0.0,0.0,0.0
7,11,density,29,19,0.0,0.0,0.0,0.0,0.0,0.0
7,11,density,29,20,0.0,0.0,0.0,0.0,0.0,0.0
7,11,density,29,21,0.0,0.0,0.0,0.0,0.0,0.0
7,11,density,29,22,0.0,0.0,0.0,0.0,0.0,0.0
7,11,density,29,23,0.0,0.0,0.0,0.0,0.0,0.0
7,11,density,29,24,15286.807,0.0,0.0,0.0,-15286.807,15286.807
7,11,density,29,25,15286.807,46648.395,176477940.0,13284.5,31361.588,31361.588
7,11,density,29,26,336310.16,329568.34,182086860.0,13493.956,-6741.8125,6741.8125
7,11,density,29,27,917207.4,785121.25,377074000.0,19418.393,-132086.12,132086.12
7,11,density,29,28,1222943.1,1157803.8,603862140.0,24573.605,-65139.375,65139.375
7,11,density,29,29,856063.2,813486.75,336314400.0,18338.877,-42576.438,42576.438
7,11,density,29,30,351596.56,302085.25,229363440.0,15144.749,-49511.312,49511.312
7,11,density,29,31,15286.789,2094.527,28325000.0,5322.1235,-13192.262,13192.262
7,11,density,29,32,0.0,0.0,0.0,0.0,0.0,0.0
7,11,density,29,33,0.0,0.0,0.0,0.0,0.0,0.0
7,11,density,29,34,0.0,0.0,0.0,0.0,0.0,0.0
7,11,density,29,35,0.0,0.0,0.0,0.0,0.0,0.0
7,11,density,29,36,0.0,0.0,0.0,0.0,0.0,0.0
7,11,density,29,37,0.0,0.0,0.0,0.0,0.0,0.0
7,11,density,29,38,0.0,0.0,0.0,0.0,0.0,0.0
7,11,density,29,39,0.0,0.0,0.0,0.0,0.0,0.0
7,11,density,29,40,0.0,0.0,0.0,0.0,0.0,0.0
7,11,density,29,41,0.0,0.0,0.0,0.0,0.0,0.0
7,11,density,29,42,0.0,0.0,0.0,0.0,0.0,0.0
7,11,density,29,43,0.0,0.0,0.0,0.0,0.0,0.0
7,11,density,29,44,0.0,0.0,0.0,0.0,0.0,0.0
7,11,density,29,45,0.0,0.0,0.0,0.0,0.0,0.0
7,11,density,29,46,0.0,0.0,0.0,0.0,0.0,0.0
7,11,density,29,47,0.0,0.0,0.0,0.0,0.0,0.0
7,11,density,29,48,0.0,0.0,0.0,0.0,0.0,0.0
7,11,density,29,49,0.0,0.0,0.0,0.0,0.0,0.0
7,11,density,29,50,0.0,0.0,0.0,0.0,0.0,0.0
7,11,density,29,51,0.0,0.0,0.0,0.0,0.0,0.0
7,11,density,29,52,0.0,0.0,0.0,0.0,0.0,0.0
7,11,density,29,53,0.0,0.0,0.0,0.0,0.0,0.0
7,11,density,29,54,0.0,0.0,0.0,0.0,0.0,0.0
7,11,density,29,55,0.0,0.0,0.0,0.0,0.0,0.0
7,11,density,29,56,0.0,0.0,0.0,0.0,0.0,0.0
7,11,density,29,57,0.0,0.0,0.0,0.0,0.0,0.0
7,11,density,29,58,0.0,0.0,0.0,0.0,0.0,0.0
7,11,density,29,59,0.0,0.0,0.0,0.0,0.0,0.0
7,11,density,29,60,0.0,0.0,0.0,0.0,0.0,0.0
7,11,density,29,61,0.0,0.0,0.0,0.0,0.0,0.0
7,11,density,29,62,0.0,0.0,0.0,0.0,0.0,0.0
7,11,density,29,63,0.0,0.0,0.0,0.0,0.0,0.0
7,11,density,30,0,0.0,0.0,0.0,0.0,0.0,0.0
7,11,density,30,1,0.0,0.0,0.0,0.0,0.0,0.0
7,11,density,30,2,0.0,0.0,0.0,0.0,0.0,0.0
7,11,density,30,3,0.0,0.0,0.0,0.0,0.0,0.0
7,11,density,30,4,0.0,0.0,0.0,0.0,0.0,0.0
7,11,density,30,5,0.0,0.0,0.0,0.0,0.0,0.0
7,11,density,30,6,0.0,0.0,0.0,0.0,0.0,0.0
7,11,density,30,7,0.0,0.0,0.0,0.0,0.0,0.0
7,11,density,30,8,0.0,0.0,0.0,0.0,0.0,0.0
7,11,density,30,9,0.0,0.0,0.0,0.0,0.0,0.0
7,11,density,30,10,0.0,0.0,0.0,0.0,0.0,0.0
7,11,density,30,11,0.0,0.0,0.0,0.0,0.0,0.0
7,11,density,30,12,0.0,0.0,0.0,0.0,0.0,0.0
7,11,density,30,13,0.0,0.0,0.0,0.0,0.0,0.0
7,11,density,30,14,0.0,0.0,0.0,0.0,0.0,0.0
7,11,density,30,15,0.0,0.0,0.0,0.0,0.0,0.0
7,11,density,30,16,0.0,0.0,0.0,0.0,0.0,0.0
7,11,density,30,17,0.0,0.0,0.0,0.0,0.0,0.0
7,11,density,30,18,0.0,0.0,0.0,0.0,0.0,0.0
7,11,density,30,19,0.0,0.0,0.0,0.0,0.0,0.0
7,11,density,30,20,0.0,0.0,0.0,0.0,0.0,0.0
7,11,density,30,21,0.0,0.0,0.0,0.0,0.0,0.0
7,11,density,30,22,0.0,0.0,0.0,0.0,0.0,0.0
7,11,density,30,23,0.0,0.0,0.0,0.0,0.0,0.0
7,11,density,30,24,0.0,0.0,0.0,0.0,0.0,0.0
7,11,density,30,25,0.0,0.0,0.0,0.0,0.0,0.0
7,11,density,30,26,0.0,0.0,0.0,0.0,0.0,0.0
7,11,density,30,27,137581.11,218770.81,196350580.0,14012.516,81189.7,81189.7
7,11,density,30,28,687905.5,633000.1,293109900.0,17120.453,-54905.375,54905.375
7,11,density,30,29,1406389.5,1168954.4,641464260.0,25327.145,-237435.12,237435.12
7,11,density,30,30,1222944.5,1040931.44,469346850.0,21664.414,-182013.06,182013.06
7,11,density,30,31,473890.47,496444.53,287535000.0,16956.857,22554.062,22554.062
7,11,density,30,32,91720.734,103432.27,283077020.0,16824.893,11711.539,11711.539
7,11,density,30,33,0.0,0.0,0.0,0.0,0.0,0.0
7,11,density,30,34,0.0,0.0,0.0,0.0,0.0,0.0
7,11,density,30,35,0.0,0.0,0.0,0.0,0.0,0.0
7,11,density,30,36,0.0,0.0,0.0,0.0,0.0,0.0
7,11,density,30,37,0.0,0.0,0.0,0.0,0.0,0.0
7,11,density,30,38,0.0,0.0,0.0,0.0,0.0,0.0
7,11,density,30,39,0.0,0.0,0.0,0.0,0.0,0.0
7,11,density,30,40,0.0,0.0,0.0,0.0,0.0,0.0
7,11,density,30,41,0.0,0.0,0.0,0.0,0.0,0.0
7,11,density,30,42,0.0,0.0,0.0,0.0,0.0,0.0
7,11,density,30,43,0.0,0.0,0.0,0.0,0.0,0.0
7,11,density,30,44,0.0,0.0,0.0,0.0,0.0,0.0
7,11,density,30,45,0.0,0.0,0.0,0.0,0.0,0.0
7,11,density,30,46,0.0,0.0,0.0,0.0,0.0,0.0
7,11,density,30,47,0.0,0.0,0.0,0.0,0.0,0.0
7,11,density,30,48,0.0,0.0,0.0,0.0,0.0,0.0
7,11,density,30,49,0.0,0.0,0.0,0.0,0.0,0.0
7,11,density,30,50,0.0,0.0,0.0,0.0,0.0,0.0
7,11,density,30,51,0.0,0.0,0.0,0.0,0.0,0.0
7,11,density,30,52,0.0,0.0,0.0,0.0,0.0,0.0
7,11,density,30,53,0.0,0.0,0.0,0.0,0.0,0.0
7,11,density,30,54,0.0,0.0,0.0,0.0,0.0,0.0
7,11,density,30,55,0.0,0.0,0.0,0.0,0.0,0.0
7,11,density,30,56,0.0,0.0,0.0,0.0,0.0,0.0
7,11,density,30,57,0.0,0.0,0.0,0.0,0.0,0.0
7,11,density,30,58,0.0,0.0,0.0,0.0,0.0,0.0
7,11,density,30,59,0.0,0.0,0.0,0.0,0.0,0.0
7,11,density,30,60,0.0,0.0,0.0,0.0,0.0,0.0
7,11,density,30,61,0.0,0.0,0.0,0.0,0.0,0.0
7,11,density,30,62,0.0,0.0,0.0,0.0,0.0,0.0
7,11,density,30,63,0.0,0.0,0.0,0.0,0.0,0.0
7,11,density,31,0,0.0,0.0,0.0,0.0,0.0,0.0
7,11,density,31,1,0.0,0.0,0.0,0.0,0.0,0.0
7,11,density,31,2,0.0,0.0,0.0,0.0,0.0,0.0
7,11,density,31,3,0.0,0.0,0.0,0.0,0.0,0.0
7,11,density,31,4,0.0,0.0,0.0,0.0,0.0,0.0
7,11,density,31,5,0.0,0.0,0.0,0.0,0.0,0.0
7,11,density,31,6,0.0,0.0,0.0,0.0,0.0,0.0
7,11,density,31,7,0.0,0.0,0.0,0.0,0.0,0.0
7,11,density,31,8,0.0,0.0,0.0,0.0,0.0,0.0
7,11,density,31,9,0.0,0.0,0.0,0.0,0.0,0.0
7,11,density,31,10,0.0,0.0,0.0,0.0,0.0,0.0
7,11,density,31,11,0.0,0.0,0.0,0.0,0.0,0.0
7,11,density,31,12,0.0,0.0,0.0,0.0,0.0,0.0
7,11,density,31,13,0.0,0.0,0.0,0.0,0.0,0.0
7,11,density,31,14,0.0,0.0,0.0,0.0,0.0,0.0
7,11,density,31,15,0.0,0.0,0.0,0.0,0.0,0.0
7,11,density,31,16,0.0,0.0,0.0,0.0,0.0,0.0
7,11,density,31,17,0.0,0.0,0.0,0.0,0.0,0.0
7,11,density,31,18,0.0,0.0,0.0,0.0,0.0,0.0
7,11,density,31,19,0.0,0.0,0.0,0.0,0.0,0.0
7,11,density,31,20,0.0,0.0,0.0,0.0,0.0,0.0
7,11,density,31,21,0.0,0.0,0.0,0.0,0.0,0.0
7,11,density,31,22,0.0,0.0,0.0,0.0,0.0,0.0
7,11,density,31,23,0.0,0.0,0.0,0.0,0.0,0.0
7,11,density,31,24,0.0,0.0,0.0,0.0,0.0,0.0
7,11,density,31,25,0.0,0.0,0.0,0.0,0.0,0.0
7,11,density,31,26,0.0,0.0,0.0,0.0,0.0,0.0
7,11,density,31,27,30573.578,0.0,0.0,0.0,-30573.578,30573.578
7,11,density,31,28,61147.156,72295.61,187811780.0,13704.443,11148.453,11148.453
7,11,density,31,29,321023.7,466346.2,225347180.0,15011.568,145322.5,145322.5
7,11,density,31,30,1161797.2,1056421.9,576623800.0,24012.992,-105375.375,105375.375
7,11,density,31,31,1742694.0,1147888.9,575346560.0,23986.383,-594805.1,594805.1
7,11,density,31,32,810199.8,672065.9,332844700.0,18244.031,-138133.94,138133.94
7,11,density,31,33,244588.9,264294.22,276834620.0,16638.348,19705.312,19705.312
7,11,density,31,34,15286.842,128.56041,804129.1,896.7325,-15158.281,15158.281
7,11,density,31,35,0.0,0.0,0.0,0.0,0.0,0.0
7,11,density,31,36,0.0,0.0,0.0,0.0,0.0,0.0
7,11,density,31,37,0.0,0.0,0.0,0.0,0.0,0.0
7,11,density,31,38,0.0,0.0,0.0,0.0,0.0,0.0
7,11,density,31,39,0.0,0.0,0.0,0.0,0.0,0.0
7,11,density,31,40,0.0,0.0,0.0,0.0,0.0,0.0
7,11,density,31,41,0.0,0.0,0.0,0.0,0.0,0.0
7,11,density,31,42,0.0,0.0,0.0,0.0,0.0,0.0
7,11,density,31,43,0.0,0.0,0.0,0.0,0.0,0.0
7,11,density,31,44,0.0,0.0,0.0,0.0,0.0,0.0
7,11,density,31,45,0.0,0.0,0.0,0.0,0.0,0.0
7,11,density,31,46,0.0,0.0,0.0,0.0,0.0,0.0
7,11,density,31,47,0.0,0.0,0.0,0.0,0.0,0.0
7,11,density,31,48,0.0,0.0,0.0,0.0,0.0,0.0
7,11,density,31,49,0.0,0.0,0.0,0.0,0.0,0.0
7,11,density,31,50,0.0,0.0,0.0,0.0,0.0,0.0
7,11,density,31,51,0.0,0.0,0.0,0.0,0.0,0.0
7,11,density,31,52,0.0,0.0,0.0,0.0,0.0,0.0
7,11,density,31,53,0.0,0.0,0.0,0.0,0.0,0.0
7,11,density,31,54,0.0,0.0,0.0,0.0,0.0,0.0
7,11,density,31,55,0.0,0.0,0.0,0.0,0.0,0.0
7,11,density,31,56,0.0,0.0,0.0,0.0,0.0,0.0
7,11,density,31,57,0.0,0.0,0.0,0.0,0.0,0.0
7,11,density,31,58,0.0,0.0,0.0,0.0,0.0,0.0
7,11,density,31,59,0.0,0.0,0.0,0.0,0.0,0.0
7,11,density,31,60,0.0,0.0,0.0,0.0,0.0,0.0
7,11,density,31,61,0.0,0.0,0.0,0.0,0.0,0.0
7,11,density,31,62,0.0,0.0,0.0,0.0,0.0,0.0
7,11,density,31,63,0.0,0.0,0.0,0.0,0.0,0.0
7,11,density,32,0,0.0,0.0,0.0,0.0,0.0,0.0
7,11,density,32,1,0.0,0.0,0.0,0.0,0.0,0.0
7,11,density,32,2,0.0,0.0,0.0,0.0,0.0,0.0
7,11,density,32,3,0.0,0.0,0.0,0.0,0.0,0.0
7,11,density,32,4,0.0,0.0,0.0,0.0,0.0,0.0
7,11,density,32,5,0.0,0.0,0.0,0.0,0.0,0.0
7,11,density,32,6,0.0,0.0,0.0,0.0,0.0,0.0
7,11,density,32,7,0.0,0.0,0.0,0.0,0.0,0.0
7,11,density,32,8,0.0,0.0,0.0,0.0,0.0,0.0
7,11,density,32,9,0.0,0.0,0.0,0.0,0.0,0.0
7,11,density,32,10,0.0,0.0,0.0,0.0,0.0,0.0
7,11,density,32,11,0.0,0.0,0.0,0.0,0.0,0.0
7,11,density,32,12,0.0,0.0,0.0,0.0,0.0,0.0
7,11,density,32,13,0.0,0.0,0.0,0.0,0.0,0.0
7,11,density,32,14,0.0,0.0,0.0,0.0,0.0,0.0
7,11,density,32,15,0.0,0.0,0.0,0.0,0.0,0.0
7,11,density,32,16,0.0,0.0,0.0,0.0,0.0,0.0
7,11,density,32,17,0.0,0.0,0.0,0.0,0.0,0.0
7,11,density,32,18,0.0,0.0,0.0,0.0,0.0,0.0
7,11,density,32,19,0.0,0.0,0.0,0.0,0.0,0.0
7,11,density,32,20,0.0,0.0,0.0,0.0,0.0,0.0
7,11,density,32,21,0.0,0.0,0.0,0.0,0.0,0.0
7,11,density,32,22,0.0,0.0,0.0,0.0,0.0,0.0
7,11,density,32,23,0.0,0.0,0.0,0.0,0.0,0.0
7,11,density,32,24,0.0,0.0,0.0,0.0,0.0,0.0
7,11,density,32,25,0.0,0.0,0.0,0.0,0.0,0.0
7,11,density,32,26,0.0,0.0,0.0,0.0,0.0,0.0
7,11,density,32,27,0.0,0.0,0.0,0.0,0.0,0.0
7,11,density,32,28,0.0,0.0,0.0,0.0,0.0,0.0
7,11,density,32,29,0.0,0.0,0.0,0.0,0.0,0.0
7,11,density,32,30,275162.53,281241.44,204488560.0,14299.949,6078.9062,6078.9062
7,11,density,32,31,825486.6,796566.0,359258370.0,18954.111,-28920.625,28920.625
7,11,density,32,32,1100648.9,1195651.2,649825200.0,25491.67,95002.375,95002.375
7,11,density,32,33,901921.56,919144.6,436614980.0,20895.334,17223.062,17223.062
7,11,density,32,34,321023.7,447284.47,263384480.0,16229.124,126260.78,126260.78
7,11,density,32,35,30573.578,101514.234,249883950.0,15807.718,70940.66,70940.66
7,11,density,32,36,0.0,0.0,0.0,0.0,0.0,0.0
7,11,density,32,37,0.0,0.0,0.0,0.0,0.0,0.0
7,11,density,32,38,0.0,0.0,0.0,0.0,0.0,0.0
7,11,density,32,39,0.0,0.0,0.0,0.0,0.0,0.0
7,11,density,32,40,0.0,0.0,0.0,0.0,0.0,0.0
7,11,density,32,41,0.0,0.0,0.0,0.0,0.0,0.0
7,11,density,32,42,0.0,0.0,0.0,0.0,0.0,0.0
7,11,density,32,43,0.0,0.0,0.0,0.0,0.0,0.0
7,11,density,32,44,0.0,0.0,0.0,0.0,0.0,0.0
7,11,density,32,45,0.0,0.0,0.0,0.0,0.0,0.0
7,11,density,32,46,0.0,0.0,0.0,0.0,0.0,0.0
7,11,density,32,47,0.0,0.0,0.0,0.0,0.0,0.0
7,11,density,32,48,0.0,0.0,0.0,0.0,0.0,0.0
7,11,density,32,49,0.0,0.0,0.0,0.0,0.0,0.0
7,11,density,32,50,0.0,0.0,0.0,0.0,0.0,0.0
7,11,density,32,51,0.0,0.0,0.0,0.0,0.0,0.0
7,11,density,32,52,0.0,0.0,0.0,0.0,0.0,0.0
7,11,density,32,53,0.0,0.0,0.0,0.0,0.0,0.0
7,11,density,32,54,0.0,0.0,0.0,0.0,0.0,0.0
7,11,density,32,55,0.0,0.0,0.0,0.0,0.0,0.0
7,11,density,32,56,0.0,0.0,0.0,0.0,0.0,0.0
7,11,density,32,57,0.0,0.0,0.0,0.0,0.0,0.0
7,11,density,32,58,0.0,0.0,0.0,0.0,0.0,0.0
7,11,density,32,59,0.0,0.0,0.0,0.0,0.0,0.0
7,11,density,32,60,0.0,0.0,0.0,0.0,0.0,0.0
7,11,density,32,61,0.0,0.0,0.0,0.0,0.0,0.0
7,11,density,32,62,0.0,0.0,0.0,0.0,0.0,0.0
7,11,density,32,63,0.0,0.0,0.0,0.0,0.0,0.0
7,11,density,33,0,0.0,0.0,0.0,0.0,0.0,0.0
7,11,density,33,1,0.0,0.0,0.0,0.0,0.0,0.0
7,11,density,33,2,0.0,0.0,0.0,0.0,0.0,0.0
7,11,density,33,3,0.0,0.0,0.0,0.0,0.0,0.0
7,11,density,33,4,0.0,0.0,0.0,0.0,0.0,0.0
7,11,density,33,5,0.0,0.0,0.0,0.0,0.0,0.0
7,11,density,33,6,0.0,0.0,0.0,0.0,0.0,0.0
7,11,density,33,7,0.0,0.0,0.0,0.0,0.0,0.0
7,11,density,33,8,0.0,0.0,0.0,0.0,0.0,0.0
7,11,density,33,9,0.0,0.0,0.0,0.0,0.0,0.0
7,11,density,33,10,0.0,0.0,0.0,0.0,0.0,0.0
7,11,density,33,11,0.0,0.0,0.0,0.0,0.0,0.0
7,11,density,33,12,0.0,0.0,0.0,0.0,0.0,0.0
7,11,density,33,13,0.0,0.0,0.0,0.0,0.0,0.0
7,11,density,33,14,0.0,0.0,0.0,0.0,0.0,0.0
7,11,density,33,15,0.0,0.0,0.0,0.0,0.0,0.0
7,11,density,33,16,0.0,0.0,0.0,0.0,0.0,0.0
7,11,density,33,17,0.0,0.0,0.0,0.0,0.0,0.0
7,11,density,33,18,0.0,0.0,0.0,0.0,0.0,0.0
7,11,density,33,19,0.0,0.0,0.0,0.0,0.0,0.0
7,11,density,33,20,0.0,0.0,0.0,0.0,0.0,0.0
7,11,density,33,21,0.0,0.0,0.0,0.0,0.0,0.0
7,11,density,33,22,0.0,0.0,0.0,0.0,0.0,0.0
7,11,density,33,23,0.0,0.0,0.0,0.0,0.0,0.0
7,11,density,33,24,0.0,0.0,0.0,0.0,0.0,0.0
7,11,density,33,25,0.0,0.0,0.0,0.0,0.0,0.0
7,11,density,33,26,0.0,0.0,0.0,0.0,0.0,0.0
7,11,density,33,27,0.0,0.0,0.0,0.0,0.0,0.0
7,11,density,33,28,0.0,0.0,0.0,0.0,0.0,0.0
7,11,density,33,29,0.0,0.0,0.0,0.0,0.0,0.0
7,11,density,33,30,15286.807,0.0,0.0,0.0,-15286.807,15286.807
7,11,density,33,31,107007.52,141385.08,201755710.0,14204.073,34377.555,34377.555
7,11,density,33,32,397456.53,643584.56,271019840.0,16462.68,246128.03,246128.03
7,11,density,33,33,1299378.5,1104862.8,577385900.0,24028.855,-194515.75,194515.75
7,11,density,33,34,1375815.8,1041244.2,469447100.0,21666.729,-334571.56,334571.56
7,11,density,33,35,596184.8,570438.3,232766620.0,15256.691,-25746.5,25746.5
7,11,density,33,36,152867.89,184445.22,187748080.0,13702.119,31577.328,31577.328
7,11,density,33,37,0.0,0.0,0.0,0.0,0.0,0.0
7,11,density,33,38,0.0,0.0,0.0,0.0,0.0,0.0
7,11,density,33,39,0.0,0.0,0.0,0.0,0.0,0.0
7,11,density,33,40,0.0,0.0,0.0,0.0,0.0,0.0
7,11,density,33,41,0.0,0.0,0.0,0.0,0.0,0.0
7,11,density,33,42,0.0,0.0,0.0,0.0,0.0,0.0
7,11,density,33,43,0.0,0.0,0.0,0.0,0.0,0.0
7,11,density,33,44,0.0,0.0,0.0,0.0,0.0,0.0
7,11,density,33,45,0.0,0.0,0.0,0.0,0.0,0.0
7,11,density,33,46,0.0,0.0,0.0,0.0,0.0,0.0
7,11,density,33,47,0.0,0.0,0.0,0.0,0.0,0.0
7,11,density,33,48,0.0,0.0,0.0,0.0,0.0,0.0
7,11,density,33,49,0.0,0.0,0.0,0.0,0.0,0.0
7,11,density,33,50,0.0,0.0,0.0,0.0,0.0,0.0
7,11,density,33,51,0.0,0.0,0.0,0.0,0.0,0.0
7,11,density,33,52,0.0,0.0,0.0,0.0,0.0,0.0
7,11,density,33,53,0.0,0.0,0.0,0.0,0.0,0.0
7,11,density,33,54,0.0,0.0,0.0,0.0,0.0,0.0
7,11,density,33,55,0.0,0.0,0.0,0.0,0.0,0.0
7,11,density,33,56,0.0,0.0,0.0,0.0,0.0,0.0
7,11,density,33,57,0.0,0.0,0.0,0.0,0.0,0.0
7,11,density,33,58,0.0,0.0,0.0,0.0,0.0,0.0
7,11,density,33,59,0.0,0.0,0.0,0.0,0.0,0.0
7,11,density,33,60,0.0,0.0,0.0,0.0,0.0,0.0
7,11,density,33,61,0.0,0.0,0.0,0.0,0.0,0.0
7,11,density,33,62,0.0,0.0,0.0,0.0,0.0,0.0
7,11,density,33,63,0.0,0.0,0.0,0.0,0.0,0.0
7,11,density,34,0,0.0,0.0,0.0,0.0,0.0,0.0
7,11,density,34,1,0.0,0.0,0.0,0.0,0.0,0.0
7,11,density,34,2,0.0,0.0,0.0,0.0,0.0,0.0
7,11,density,34,3,0.0,0.0,0.0,0.0,0.0,0.0
7,11,density,34,4,0.0,0.0,0.0,0.0,0.0,0.0
7,11,density,34,5,0.0,0.0,0.0,0.0,0.0,0.0
7,11,density,34,6,0.0,0.0,0.0,0.0,0.0,0.0
7,11,density,34,7,0.0,0.0,0.0,0.0,0.0,0.0
7,11,density,34,8,0.0,0.0,0.0,0.0,0.0,0.0
7,11,density,34,9,0.0,0.0,0.0,0.0,0.0,0.0
7,11,density,34,10,0.0,0.0,0.0,0.0,0.0,0.0
7,11,density,34,11,0.0,0.0,0.0,0.0,0.0,0.0
7,11,density,34,12,0.0,0.0,0.0,0.0,0.0,0.0
7,11,density,34,13,0.0,0.0,0.0,0.0,0.0,0.0
7,11,density,34,14,0.0,0.0,0.0,0.0,0.0,0.0
7,11,density,34,15,0.0,0.0,0.0,0.0,0.0,0.0
7,11,density,34,16,0.0,0.0,0.0,0.0,0.0,0.0
7,11,density,34,17,0.0,0.0,0.0,0.0,0.0,0.0
7,11,density,34,18,0.0,0.0,0.0,0.0,0.0,0.0
7,11,density,34,19,0.0,0.0,0.0,0.0,0.0,0.0
7,11,density,34,20,0.0,0.0,0.0,0.0,0.0,0.0
7,11,density,34,21,0.0,0.0,0.0,0.0,0.0,0.0
7,11,density,34,22,0.0,0.0,0.0,0.0,0.0,0.0
7,11,density,34,23,0.0,0.0,0.0,0.0,0.0,0.0
7,11,density,34,24,0.0,0.0,0.0,0.0,0.0,0.0
7,11,density,34,25,0.0,0.0,0.0,0.0,0.0,0.0
7,11,density,34,26,0.0,0.0,0.0,0.0,0.0,0.0
7,11,density,34,27,0.0,0.0,0.0,0.0,0.0,0.0
7,11,density,34,28,0.0,0.0,0.0,0.0,0.0,0.0
7,11,density,34,29,0.0,0.0,0.0,0.0,0.0,0.0
7,11,density,34,30,0.0,0.0,0.0,0.0,0.0,0.0
7,11,density,34,31,0.0,0.0,0.0,0.0,0.0,0.0
7,11,density,34,32,30573.578,57134.79,219223540.0,14806.199,26561.21,26561.21
7,11,density,34,33,214015.3,449993.4,198990380.0,14106.3955,235978.11,235978.11
7,11,density,34,34,947784.2,915173.44,400694080.0,20017.344,-32610.75,32610.75
7,11,density,34,35,1360524.2,1056033.0,501727200.0,22399.268,-304491.25,304491.25
7,11,density,34,36,672618.75,656328.1,236403020.0,15375.403,-16290.625,16290.625
7,11,density,34,37,305736.12,276177.8,162729220.0,12756.536,-29558.312,29558.312
7,11,density,34,38,30573.684,13345.549,113901280.0,10672.454,-17228.135,17228.135
7,11,density,34,39,0.0,0.0,0.0,0.0,0.0,0.0
7,11,density,34,40,0.0,0.0,0.0,0.0,0.0,0.0
7,11,density,34,41,0.0,0.0,0.0,0.0,0.0,0.0
7,11,density,34,42,0.0,0.0,0.0,0.0,0.0,0.0
7,11,density,34,43,0.0,0.0,0.0,0.0,0.0,0.0
7,11,density,34,44,0.0,0.0,0.0,0.0,0.0,0.0
7,11,density,34,45,0.0,0.0,0.0,0.0,0.0,0.0
7,11,density,34,46,0.0,0.0,0.0,0.0,0.0,0.0
7,11,density,34,47,0.0,0.0,0.0,0.0,0.0,0.0
7,11,density,34,48,0.0,0.0,0.0,0.0,0.0,0.0
7,11,density,34,49,0.0,0.0,0.0,0.0,0.0,0.0
7,11,density,34,50,0.0,0.0,0.0,0.0,0.0,0.0
7,11,density,34,51,0.0,0.0,0.0,0.0,0.0,0.0
7,11,density,34,52,0.0,0.0,0.0,0.0,0.0,0.0
7,11,density,34,53,0.0,0.0,0.0,0.0,0.0,0.0
7,11,density,34,54,0.0,0.0,0.0,0.0,0.0,0.0
7,11,density,34,55,0.0,0.0,0.0,0.0,0.0,0.0
7,11,density,34,56,0.0,0.0,0.0,0.0,0.0,0.0
7,11,density,34,57,0.0,0.0,0.0,0.0,0.0,0.0
7,11,density,34,58,0.0,0.0,0.0,0.0,0.0,0.0
7,11,density,34,59,0.0,0.0,0.0,0.0,0.0,0.0
7,11,density,34,60,0.0,0.0,0.0,0.0,0.0,0.0
7,11,density,34,61,0.0,0.0,0.0,0.0,0.0,0.0
7,11,density,34,62,0.0,0.0,0.0,0.0,0.0,0.0
7,11,density,34,63,0.0,0.0,0.0,0.0,0.0,0.0
7,11,density,35,0,0.0,0.0,0.0,0.0,0.0,0.0
7,11,density,35,1,0.0,0.0,0.0,0.0,0.0,0.0
7,11,density,35,2,0.0,0.0,0.0,0.0,0.0,0.0
7,11,density,35,3,0.0,0.0,0.0,0.0,0.0,0.0
7,11,density,35,4,0.0,0.0,0.0,0.0,0.0,0.0
7,11,density,35,5,0.0,0.0,0.0,0.0,0.0,0.0
7,11,density,35,6,0.0,0.0,0.0,0.0,0.0,0.0
7,11,density,35,7,0.0,0.0,0.0,0.0,0.0,0.0
7,11,density,35,8,0.0,0.0,0.0,0.0,0.0,0.0
7,11,density,35,9,0.0,0.0,0.0,0.0,0.0,0.0
7,11,density,35,10,0.0,0.0,0.0,0.0,0.0,0.0
7,11,density,35,11,0.0,0.0,0.0,0.0,0.0,0.0
7,11,density,35,12,0.0,0.0,0.0,0.0,0.0,0.0
7,11,density,35,13,0.0,0.0,0.0,0.0,0.0,0.0
7,11,density,35,14,0.0,0.0,0.0,0.0,0.0,0.0
7,11,density,35,15,0.0,0.0,0.0,0.0,0.0,0.0
7,11,density,35,16,0.0,0.0,0.0,0.0,0.0,0.0
7,11,density,35,17,0.0,0.0,0.0,0.0,0.0,0.0
7,11,density,35,18,0.0,0.0,0.0,0.0,0.0,0.0
7,11,density,35,19,0.0,0.0,0.0,0.0,0.0,0.0
7,11,density,35,20,0.0,0.0,0.0,0.0,0.0,0.0
7,11,density,35,21,0.0,0.0,0.0,0.0,0.0,0.0
7,11,density,35,22,0.0,0.0,0.0,0.0,0.0,0.0
7,11,density,35,23,0.0,0.0,0.0,0.0,0.0,0.0
7,11,density,35,24,0.0,0.0,0.0,0.0,0.0,0.0
7,11,density,35,25,0.0,0.0,0.0,0.0,0.0,0.0
7,11,density,35,26,0.0,0.0,0.0,0.0,0.0,0.0
7,11,density,35,27,0.0,0.0,0.0,0.0,0.0,0.0
7,11,density,35,28,0.0,0.0,0.0,0.0,0.0,0.0
7,11,density,35,29,0.0,0.0,0.0,0.0,0.0,0.0
7,11,density,35,30,0.0,0.0,0.0,0.0,0.0,0.0
7,11,density,35,31,0.0,0.0,0.0,0.0,0.0,0.0
7,11,density,35,32,0.0,0.0,0.0,0.0,0.0,0.0
7,11,density,35,33,15286.807,1304.5896,18614018.0,4314.3965,-13982.217,13982.217
7,11,density,35,34,137581.58,345655.28,162049200.0,12729.8545,208073.7,208073.7
7,11,density,35,35,580898.0,746728.75,278285440.0,16681.889,165830.75,165830.75
7,11,density,35,36,1329950.6,1002011.3,472998720.0,21748.533,-327939.3,327939.3
7,11,density,35,37,840774.4,696705.1,239244320.0,15467.524,-144069.25,144069.25
7,11,density,35,38,152868.42,302184.56,125869944.0,11219.178,149316.14,149316.14
7,11,density,35,39,0.0,52257.516,115397410.0,10742.318,52257.516,52257.516
7,11,density,35,40,0.0,0.0,0.0,0.0,0.0,0.0
7,11,density,35,41,0.0,0.0,0.0,0.0,0.0,0.0
7,11,density,35,42,0.0,0.0,0.0,0.0,0.0,0.0
7,11,density,35,43,0.0,0.0,0.0,0.0,0.0,0.0
7,11,density,35,44,0.0,0.0,0.0,0.0,0.0,0.0
7,11,density,35,45,0.0,0.0,0.0,0.0,0.0,0.0
7,11,density,35,46,0.0,0.0,0.0,0.0,0.0,0.0
7,11,density,35,47,0.0,0.0,0.0,0.0,0.0,0.0
7,11,density,35,48,0.0,0.0,0.0,0.0,0.0,0.0
7,11,density,35,49,0.0,0.0,0.0,0.0,0.0,0.0
7,11,density,35,50,0.0,0.0,0.0,0.0,0.0,0.0
7,11,density,35,51,0.0,0.0,0.0,0.0,0.0,0.0
7,11,density,35,52,0.0,0.0,0.0,0.0,0.0,0.0
7,11,density,35,53,0.0,0.0,0.0,0.0,0.0,0.0
7,11,density,35,54,0.0,0.0,0.0,0.0,0.0,0.0
7,11,density,35,55,0.0,0.0,0.0,0.0,0.0,0.0
7,11,density,35,56,0.0,0.0,0.0,0.0,0.0,0.0
7,11,density,35,57,0.0,0.0,0.0,0.0,0.0,0.0
7,11,density,35,58,0.0,0.0,0.0,0.0,0.0,0.0
7,11,density,35,59,0.0,0.0,0.0,0.0,0.0,0.0
7,11,density,35,60,0.0,0.0,0.0,0.0,0.0,0.0
7,11,density,35,61,0.0,0.0,0.0,0.0,0.0,0.0
7,11,density,35,62,0.0,0.0,0.0,0.0,0.0,0.0
7,11,density,35,63,0.0,0.0,0.0,0.0,0.0,0.0
7,11,density,36,0,0.0,0.0,0.0,0.0,0.0,0.0
7,11,density,36,1,0.0,0.0,0.0,0.0,0.0,0.0
7,11,density,36,2,0.0,0.0,0.0,0.0,0.0,0.0
7,11,density,36,3,0.0,0.0,0.0,0.0,0.0,0.0
7,11,density,36,4,0.0,0.0,0.0,0.0,0.0,0.0
7,11,density,36,5,0.0,0.0,0.0,0.0,0.0,0.0
7,11,density,36,6,0.0,0.0,0.0,0.0,0.0,0.0
7,11,density,36,7,0.0,0.0,0.0,0.0,0.0,0.0
7,11,density,36,8,0.0,0.0,0.0,0.0,0.0,0.0
7,11,density,36,9,0.0,0.0,0.0,0.0,0.0,0.0
7,11,density,36,10,0.0,0.0,0.0,0.0,0.0,0.0
7,11,density,36,11,0.0,0.0,0.0,0.0,0.0,0.0
7,11,density,36,12,0.0,0.0,0.0,0.0,0.0,0.0
7,11,density,36,13,0.0,0.0,0.0,0.0,0.0,0.0
7,11,density,36,14,0.0,0.0,0.0,0.0,0.0,0.0
7,11,density,36,15,0.0,0.0,0.0,0.0,0.0,0.0
7,11,density,36,16,0.0,0.0,0.0,0.0,0.0,0.0
7,11,density,36,17,0.0,0.0,0.0,0.0,0.0,0.0
7,11,density,36,18,0.0,0.0,0.0,0.0,0.0,0.0
7,11,density,36,19,0.0,0.0,0.0,0.0,0.0,0.0
7,11,density,36,20,0.0,0.0,0.0,0.0,0.0,0.0
7,11,density,36,21,0.0,0.0,0.0,0.0,0.0,0.0
7,11,density,36,22,0.0,0.0,0.0,0.0,0.0,0.0
7,11,density,36,23,0.0,0.0,0.0,0.0,0.0,0.0
7,11,density,36,24,0.0,0.0,0.0,0.0,0.0,0.0
7,11,density,36,25,0.0,0.0,0.0,0.0,0.0,0.0
7,11,density,36,26,0.0,0.0,0.0,0.0,0.0,0.0
7,11,density,36,27,0.0,0.0,0.0,0.0,0.0,0.0
7,11,density,36,28,0.0,0.0,0.0,0.0,0.0,0.0
7,11,density,36,29,0.0,0.0,0.0,0.0,0.0,0.0
7,11,density,36,30,0.0,0.0,0.0,0.0,0.0,0.0
7,11,density,36,31,0.0,0.0,0.0,0.0,0.0,0.0
7,11,density,36,32,0.0,0.0,0.0,0.0,0.0,0.0
7,11,density,36,33,15286.784,0.0,0.0,0.0,-15286.784,15286.784
7,11,density,36,34,0.0,36.35421,83262.6,288.55258,36.35421,36.35421
7,11,density,36,35,183441.2,242000.22,150336450.0,12261.176,58559.016,58559.016
7,11,density,36,36,642044.25,651610.56,229723420.0,15156.63,9566.3125,9566.3125
7,11,density,36,37,1054788.1,919707.1,404681540.0,20116.7,-135081.0,135081.0
7,11,density,36,38,947782.9,689264.25,226225070.0,15040.78,-258518.62,258518.62
7,11,density,36,39,229301.52,348811.66,115604850.0,10751.97,119510.14,119510.14
7,11,density,36,40,15286.768,88782.03,86512730.0,9301.222,73495.266,73495.266
7,11,density,36,41,0.0,0.0,0.0,0.0,0.0,0.0
7,11,density,36,42,0.0,0.0,0.0,0.0,0.0,0.0
7,11,density,36,43,0.0,0.0,0.0,0.0,0.0,0.0
7,11,density,36,44,0.0,0.0,0.0,0.0,0.0,0.0
7,11,density,36,45,0.0,0.0,0.0,0.0,0.0,0.0
7,11,density,36,46,0.0,0.0,0.0,0.0,0.0,0.0
7,11,density,36,47,0.0,0.0,0.0,0.0,0.0,0.0
7,11,density,36,48,0.0,0.0,0.0,0.0,0.0,0.0
7,11,density,36,49,0.0,0.0,0.0,0.0,0.0,0.0
7,11,density,36,50,0.0,0.0,0.0,0.0,0.0,0.0
7,11,density,36,51,0.0,0.0,0.0,0.0,0.0,0.0
7,11,density,36,52,0.0,0.0,0.0,0.0,0.0,0.0
7,11,density,36,53,0.0,0.0,0.0,0.0,0.0,0.0
7,11,density,36,54,0.0,0.0,0.0,0.0,0.0,0.0
7,11,density,36,55,0.0,0.0,0.0,0.0,0.0,0.0
7,11,density,36,56,0.0,0.0,0.0,0.0,0.0,0.0
7,11,density,36,57,0.0,0.0,0.0,0.0,0.0,0.0
7,11,density,36,58,0.0,0.0,0.0,0.0,0.0,0.0
7,11,density,36,59,0.0,0.0,0.0,0.0,0.0,0.0
7,11,density,36,60,0.0,0.0,0.0,0.0,0.0,0.0
7,11,density,36,61,0.0,0.0,0.0,0.0,0.0,0.0
7,11,density,36,62,0.0,0.0,0.0,0.0,0.0,0.0
7,11,density,36,63,0.0,0.0,0.0,0.0,0.0,0.0
7,11,density,37,0,0.0,0.0,0.0,0.0,0.0,0.0
7,11,density,37,1,0.0,0.0,0.0,0.0,0.0,0.0
7,11,density,37,2,0.0,0.0,0.0,0.0,0.0,0.0
7,11,density,37,3,0.0,0.0,0.0,0.0,0.0,0.0
7,11,density,37,4,0.0,0.0,0.0,0.0,0.0,0.0
7,11,density,37,5,0.0,0.0,0.0,0.0,0.0,0.0
7,11,density,37,6,0.0,0.0,0.0,0.0,0.0,0.0
7,11,density,37,7,0.0,0.0,0.0,0.0,0.0,0.0
7,11,density,37,8,0.0,0.0,0.0,0.0,0.0,0.0
7,11,density,37,9,0.0,0.0,0.0,0.0,0.0,0.0
7,11,density,37,10,0.0,0.0,0.0,0.0,0.0,0.0
7,11,density,37,11,0.0,0.0,0.0,0.0,0.0,0.0
7,11,density,37,12,0.0,0.0,0.0,0.0,0.0,0.0
7,11,density,37,13,0.0,0.0,0.0,0.0,0.0,0.0
7,11,density,37,14,0.0,0.0,0.0,0.0,0.0,0.0
7,11,density,37,15,0.0,0.0,0.0,0.0,0.0,0.0
7,11,density,37,16,0.0,0.0,0.0,0.0,0.0,0.0
7,11,density,37,17,0.0,0.0,0.0,0.0,0.0,0.0
7,11,density,37,18,0.0,0.0,0.0,0.0,0.0,0.0
7,11,density,37,19,0.0,0.0,0.0,0.0,0.0,0.0
7,11,density,37,20,0.0,0.0,0.0,0.0,0.0,0.0
7,11,density,37,21,0.0,0.0,0.0,0.0,0.0,0.0
7,11,density,37,22,0.0,0.0,0.0,0.0,0.0,0.0
7,11,density,37,23,0.0,0.0,0.0,0.0,0.0,0.0
7,11,density,37,24,0.0,0.0,0.0,0.0,0.0,0.0
7,11,density,37,25,0.0,0.0,0.0,0.0,0.0,0.0
7,11,density,37,26,0.0,0.0,0.0,0.0,0.0,0.0
7,11,density,37,27,0.0,0.0,0.0,0.0,0.0,0.0
7,11,density,37,28,0.0,0.0,0.0,0.0,0.0,0.0
7,11,density,37,29,0.0,0.0,0.0,0.0,0.0,0.0
7,11,density,37,30,0.0,0.0,0.0,0.0,0.0,0.0
7,11,density,37,31,0.0,0.0,0.0,0.0,0.0,0.0
7,11,density,37,32,0.0,0.0,0.0,0.0,0.0,0.0
7,11,density,37,33,0.0,0.0,0.0,0.0,0.0,0.0
7,11,density,37,34,0.0,0.0,0.0,0.0,0.0,0.0
7,11,density,37,35,15286.789,0.0,0.0,0.0,-15286.789,15286.789
7,11,density,37,36,76433.945,226648.17,123641700.0,11119.429,150214.22,150214.22
7,11,density,37,37,535038.25,584002.44,197065360.0,14037.997,48964.188,48964.188
7,11,density,37,38,1008931.56,830095.25,346747600.0,18621.158,-178836.31,178836.31
7,11,density,37,39,749052.7,631416.25,195116540.0,13968.412,-117636.44,117636.44
7,11,density,37,40,336309.38,301755.3,89627920.0,9467.202,-34554.062,34554.062
7,11,density,37,41,61147.3,74823.37,68225480.0,8259.872,13676.066,13676.066
7,11,density,37,42,0.0,0.0,0.0,0.0,0.0,0.0
7,11,density,37,43,0.0,0.0,0.0,0.0,0.0,0.0
7,11,density,37,44,0.0,0.0,0.0,0.0,0.0,0.0
7,11,density,37,45,0.0,0.0,0.0,0.0,0.0,0.0
7,11,density,37,46,0.0,0.0,0.0,0.0,0.0,0.0
7,11,density,37,47,0.0,0.0,0.0,0.0,0.0,0.0
7,11,density,37,48,0.0,0.0,0.0,0.0,0.0,0.0
7,11,density,37,49,0.0,0.0,0.0,0.0,0.0,0.0
7,11,density,37,50,0.0,0.0,0.0,0.0,0.0,0.0
7,11,density,37,51,0.0,0.0,0.0,0.0,0.0,0.0
7,11,density,37,52,0.0,0.0,0.0,0.0,0.0,0.0
7,11,density,37,53,0.0,0.0,0.0,0.0,0.0,0.0
7,11,density,37,54,0.0,0.0,0.0,0.0,0.0,0.0
7,11,density,37,55,0.0,0.0,0.0,0.0,0.0,0.0
7,11,density,37,56,0.0,0.0,0.0,0.0,0.0,0.0
7,11,density,37,57,0.0,0.0,0.0,0.0,0.0,0.0
7,11,density,37,58,0.0,0.0,0.0,0.0,0.0,0.0
7,11,density,37,59,0.0,0.0,0.0,0.0,0.0,0.0
7,11,density,37,60,0.0,0.0,0.0,0.0,0.0,0.0
7,11,density,37,61,0.0,0.0,0.0,0.0,0.0,0.0
7,11,density,37,62,0.0,0.0,0.0,0.0,0.0,0.0
7,11,density,37,63,0.0,0.0,0.0,0.0,0.0,0.0
7,11,density,38,0,0.0,0.0,0.0,0.0,0.0,0.0
7,11,density,38,1,0.0,0.0,0.0,0.0,0.0,0.0
7,11,density,38,2,0.0,0.0,0.0,0.0,0.0,0.0
7,11,density,38,3,0.0,0.0,0.0,0.0,0.0,0.0
7,11,density,38,4,0.0,0.0,0.0,0.0,0.0,0.0
7,11,density,38,5,0.0,0.0,0.0,0.0,0.0,0.0
7,11,density,38,6,0.0,0.0,0.0,0.0,0.0,0.0
7,11,density,38,7,0.0,0.0,0.0,0.0,0.0,0.0
7,11,density,38,8,0.0,0.0,0.0,0.0,0.0,0.0
7,11,density,38,9,0.0,0.0,0.0,0.0,0.0,0.0
7,11,density,38,10,0.0,0.0,0.0,0.0,0.0,0.0
7,11,density,38,11,0.0,0.0,0.0,0.0,0.0,0.0
7,11,density,38,12,0.0,0.0,0.0,0.0,0.0,0.0
7,11,density,38,13,0.0,0.0,0.0,0.0,0.0,0.0
7,11,density,38,14,0.0,0.0,0.0,0.0,0.0,0.0
7,11,density,38,15,0.0,0.0,0.0,0.0,0.0,0.0
7,11,density,38,16,0.0,0.0,0.0,0.0,0.0,0.0
7,11,density,38,17,0.0,0.0,0.0,0.0,0.0,0.0
7,11,density,38,18,0.0,0.0,0.0,0.0,0.0,0.0
7,11,density,38,19,0.0,0.0,0.0,0.0,0.0,0.0
7,11,density,38,20,0.0,0.0,0.0,0.0,0.0,0.0
7,11,density,38,21,0.0,0.0,0.0,0.0,0.0,0.0
7,11,density,38,22,0.0,0.0,0.0,0.0,0.0,0.0
7,11,density,38,23,0.0,0.0,0.0,0.0,0.0,0.0
7,11,density,38,24,0.0,0.0,0.0,0.0,0.0,0.0
7,11,density,38,25,0.0,0.0,0.0,0.0,0.0,0.0
7,11,density,38,26,0.0,0.0,0.0,0.0,0.0,0.0
7,11,density,38,27,0.0,0.0,0.0,0.0,0.0,0.0
7,11,density,38,28,0.0,0.0,0.0,0.0,0.0,0.0
7,11,density,38,29,0.0,0.0,0.0,0.0,0.0,0.0
7,11,density,38,30,0.0,0.0,0.0,0.0,0.0,0.0
7,11,density,38,31,0.0,0.0,0.0,0.0,0.0,0.0
7,11,density,38,32,0.0,0.0,0.0,0.0,0.0,0.0
7,11,density,38,33,0.0,0.0,0.0,0.0,0.0,0.0
7,11,density,38,34,0.0,0.0,0.0,0.0,0.0,0.0
7,11,density,38,35,0.0,0.0,0.0,0.0,0.0,0.0
7,11,density,38,36,0.0,12275.523,101645150.0,10081.922,12275.523,12275.523
7,11,density,38,37,76434.03,213411.77,100185450.0,10009.269,136977.73,136977.73
7,11,density,38,38,565613.2,567182.4,169739730.0,13028.42,1569.1875,1569.1875
7,11,density,38,39,825486.6,708397.25,267245700.0,16347.65,-117089.375,117089.375
7,11,density,38,40,749052.7,509626.44,134344980.0,11590.729,-239426.25,239426.25
7,11,density,38,41,183441.9,252601.3,66349344.0,8145.5107,69159.39,69159.39
7,11,density,38,42,45860.367,35640.613,52824330.0,7268.0347,-10219.754,10219.754
7,11,density,38,43,0.0,0.0,0.0,0.0,0.0,0.0
7,11,density,38,44,0.0,0.0,0.0,0.0,0.0,0.0
7,11,density,38,45,0.0,0.0,0.0,0.0,0.0,0.0
7,11,density,38,46,0.0,0.0,0.0,0.0,0.0,0.0
7,11,density,38,47,0.0,0.0,0.0,0.0,0.0,0.0
7,11,density,38,48,0.0,0.0,0.0,0.0,0.0,0.0
7,11,density,38,49,0.0,0.0,0.0,0.0,0.0,0.0
7,11,density,38,50,0.0,0.0,0.0,0.0,0.0,0.0
7,11,density,38,51,0.0,0.0,0.0,0.0,0.0,0.0
7,11,density,38,52,0.0,0.0,0.0,0.0,0.0,0.0
7,11,density,38,53,0.0,0.0,0.0,0.0,0.0,0.0
7,11,density,38,54,0.0,0.0,0.0,0.0,0.0,0.0
7,11,density,38,55,0.0,0.0,0.0,0.0,0.0,0.0
7,11,density,38,56,0.0,0.0,0.0,0.0,0.0,0.0
7,11,density,38,57,0.0,0.0,0.0,0.0,0.0,0.0
7,11,density,38,58,0.0,0.0,0.0,0.0,0.0,0.0
7,11,density,38,59,0.0,0.0,0.0,0.0,0.0,0.0
7,11,density,38,60,0.0,0.0,0.0,0.0,0.0,0.0
7,11,density,38,61,0.0,0.0,0.0,0.0,0.0,0.0
7,11,density,38,62,0.0,0.0,0.0,0.0,0.0,0.0
7,11,density,38,63,0.0,0.0,0.0,0.0,0.0,0.0
7,11,density,39,0,0.0,0.0,0.0,0.0,0.0,0.0
7,11,density,39,1,0.0,0.0,0.0,0.0,0.0,0.0
7,11,density,39,2,0.0,0.0,0.0,0.0,0.0,0.0
7,11,density,39,3,0.0,0.0,0.0,0.0,0.0,0.0
7,11,density,39,4,0.0,0.0,0.0,0.0,0.0,0.0
7,11,density,39,5,0.0,0.0,0.0,0.0,0.0,0.0
7,11,density,39,6,0.0,0.0,0.0,0.0,0.0,0.0
7,11,density,39,7,0.0,0.0,0.0,0.0,0.0,0.0
7,11,density,39,8,0.0,0.0,0.0,0.0,0.0,0.0
7,11,density,39,9,0.0,0.0,0.0,0.0,0.0,0.0
7,11,density,39,10,0.0,0.0,0.0,0.0,0.0,0.0
7,11,density,39,11,0.0,0.0,0.0,0.0,0.0,0.0
7,11,density,39,12,0.0,0.0,0.0,0.0,0.0,0.0
7,11,density,39,13,0.0,0.0,0.0,0.0,0.0,0.0
7,11,density,39,14,0.0,0.0,0.0,0.0,0.0,0.0
7,11,density,39,15,0.0,0.0,0.0,0.0,0.0,0.0
7,11,density,39,16,0.0,0.0,0.0,0.0,0.0,0.0
7,11,density,39,17,0.0,0.0,0.0,0.0,0.0,0.0
7,11,density,39,18,0.0,0.0,0.0,0.0,0.0,0.0
7,11,density,39,19,0.0,0.0,0.0,0.0,0.0,0.0
7,11,density,39,20,0.0,0.0,0.0,0.0,0.0,0.0
7,11,density,39,21,0.0,0.0,0.0,0.0,0.0,0.0
7,11,density,39,22,0.0,0.0,0.0,0.0,0.0,0.0
7,11,density,39,23,0.0,0.0,0.0,0.0,0.0,0.0
7,11,density,39,24,0.0,0.0,0.0,0.0,0.0,0.0
7,11,density,39,25,0.0,0.0,0.0,0.0,0.0,0.0
7,11,density,39,26,0.0,0.0,0.0,0.0,0.0,0.0
7,11,density,39,27,0.0,0.0,0.0,0.0,0.0,0.0
7,11,density,39,28,0.0,0.0,0.0,0.0,0.0,0.0
7,11,density,39,29,0.0,0.0,0.0,0.0,0.0,0.0
7,11,density,39,30,0.0,0.0,0.0,0.0,0.0,0.0
7,11,density,39,31,0.0,0.0,0.0,0.0,0.0,0.0
7,11,density,39,32,0.0,0.0,0.0,0.0,0.0,0.0
7,11,density,39,33,0.0,0.0,0.0,0.0,0.0,0.0
7,11,density,39,34,0.0,0.0,0.0,0.0,0.0,0.0
7,11,density,39,35,0.0,0.0,0.0,0.0,0.0,0.0
7,11,density,39,36,0.0,0.0,0.0,0.0,0.0,0.0
7,11,density,39,37,0.0,21320.15,90320696.0,9503.721,21320.15,21320.15
7,11,density,39,38,137581.47,228792.14,91456330.0,9563.28,91210.67,91210.67
7,11,density,39,39,580897.56,531868.1,128846670.0,11351.064,-49029.438,49029.438
7,11,density,39,40,611471.1,580566.8,190201520.0,13791.356,-30904.312,30904.312
7,11,density,39,41,428030.78,399373.97,89715890.0,9471.848,-28656.812,28656.812
7,11,density,39,42,107007.445,140950.16,46738430.0,6836.5513,33942.71,33942.71
7,11,density,39,43,15286.813,0.0,0.0,0.0,-15286.813,15286.813
7,11,density,39,44,15286.777,0.0,0.0,0.0,-15286.777,15286.777
7,11,density,39,45,0.0,0.0,0.0,0.0,0.0,0.0
7,11,density,39,46,0.0,0.0,0.0,0.0,0.0,0.0
7,11,density,39,47,0.0,0.0,0.0,0.0,0.0,0.0
7,11,density,39,48,0.0,0.0,0.0,0.0,0.0,0.0
7,11,density,39,49,0.0,0.0,0.0,0.0,0.0,0.0
7,11,density,39,50,0.0,0.0,0.0,0.0,0.0,0.0
7,11,density,39,51,0.0,0.0,0.0,0.0,0.0,0.0
7,11,density,39,52,0.0,0.0,0.0,0.0,0.0,0.0
7,11,density,39,53,0.0,0.0,0.0,0.0,0.0,0.0
7,11,density,39,54,0.0,0.0,0.0,0.0,0.0,0.0
7,11,density,39,55,0.0,0.0,0.0,0.0,0.0,0.0
7,11,density,39,56,0.0,0.0,0.0,0.0,0.0,0.0
7,11,density,39,57,0.0,0.0,0.0,0.0,0.0,0.0
7,11,density,39,58,0.0,0.0,0.0,0.0,0.0,0.0
7,11,density,39,59,0.0,0.0,0.0,0.0,0.0,0.0
7,11,density,39,60,0.0,0.0,0.0,0.0,0.0,0.0
7,11,density,39,61,0.0,0.0,0.0,0.0,0.0,0.0
7,11,density,39,62,0.0,0.0,0.0,0.0,0.0,0.0
7,11,density,39,63,0.0,0.0,0.0,0.0,0.0,0.0
7,11,density,40,0,0.0,0.0,0.0,0.0,0.0,0.0
7,11,density,40,1,0.0,0.0,0.0,0.0,0.0,0.0
7,11,density,40,2,0.0,0.0,0.0,0.0,0.0,0.0
7,11,density,40,3,0.0,0.0,0.0,0.0,0.0,0.0
7,11,density,40,4,0.0,0.0,0.0,0.0,0.0,0.0
7,11,density,40,5,0.0,0.0,0.0,0.0,0.0,0.0
7,11,density,40,6,0.0,0.0,0.0,0.0,0.0,0.0
7,11,density,40,7,0.0,0.0,0.0,0.0,0.0,0.0
7,11,density,40,8,0.0,0.0,0.0,0.0,0.0,0.0
7,11,density,40,9,0.0,0.0,0.0,0.0,0.0,0.0
7,11,density,40,10,0.0,0.0,0.0,0.0,0.0,0.0
7,11,density,40,11,0.0,0.0,0.0,0.0,0.0,0.0
7,11,density,40,12,0.0,0.0,0.0,0.0,0.0,0.0
7,11,density,40,13,0.0,0.0,0.0,0.0,0.0,0.0
7,11,density,40,14,0.0,0.0,0.0,0.0,0.0,0.0
7,11,density,40,15,0.0,0.0,0.0,0.0,0.0,0.0
7,11,density,40,16,0.0,0.0,0.0,0.0,0.0,0.0
7,11,density,40,17,0.0,0.0,0.0,0.0,0.0,0.0
7,11,density,40,18,0.0,0.0,0.0,0.0,0.0,0.0
7,11,density,40,19,0.0,0.0,0.0,0.0,0.0,0.0
7,11,density,40,20,0.0,0.0,0.0,0.0,0.0,0.0
7,11,density,40,21,0.0,0.0,0.0,0.0,0.0,0.0
7,11,density,40,22,0.0,0.0,0.0,0.0,0.0,0.0
7,11,density,40,23,0.0,0.0,0.0,0.0,0.0,0.0
7,11,density,40,24,0.0,0.0,0.0,0.0,0.0,0.0
7,11,density,40,25,0.0,0.0,0.0,0.0,0.0,0.0
7,11,density,40,26,0.0,0.0,0.0,0.0,0.0,0.0
7,11,density,40,27,0.0,0.0,0.0,0.0,0.0,0.0
7,11,density,40,28,0.0,0.0,0.0,0.0,0.0,0.0
7,11,density,40,29,0.0,0.0,0.0,0.0,0.0,0.0
7,11,density,40,30,0.0,0.0,0.0,0.0,0.0,0.0
7,11,density,40,31,0.0,0.0,0.0,0.0,0.0,0.0
7,11,density,40,32,0.0,0.0,0.0,0.0,0.0,0.0
7,11,density,40,33,0.0,0.0,0.0,0.0,0.0,0.0
7,11,density,40,34,0.0,0.0,0.0,0.0,0.0,0.0
7,11,density,40,35,0.0,0.0,0.0,0.0,0.0,0.0
7,11,density,40,36,0.0,0.0,0.0,0.0,0.0,0.0
7,11,density,40,37,15286.807,0.0,0.0,0.0,-15286.807,15286.807
7,11,density,40,38,0.0,72448.47,75891220.0,8711.557,72448.47,72448.47
7,11,density,40,39,214015.05,269445.78,82227144.0,9067.918,55430.734,55430.734
7,11,density,40,40,473890.47,485105.75,114745176.0,10711.918,11215.281,11215.281
7,11,density,40,41,611473.0,443425.47,116334930.0,10785.867,-168047.53,168047.53
7,11,density,40,42,275162.22,237666.69,44998556.0,6708.096,-37495.53,37495.53
7,11,density,40,43,15286.825,38175.508,46965624.0,6853.147,22888.684,22888.684
7,11,density,40,44,0.0,0.0,0.0,0.0,0.0,0.0
7,11,density,40,45,0.0,0.0,0.0,0.0,0.0,0.0
7,11,density,40,46,0.0,0.0,0.0,0.0,0.0,0.0
7,11,density,40,47,0.0,0.0,0.0,0.0,0.0,0.0
7,11,density,40,48,0.0,0.0,0.0,0.0,0.0,0.0
7,11,density,40,49,0.0,0.0,0.0,0.0,0.0,0.0
7,11,density,40,50,0.0,0.0,0.0,0.0,0.0,0.0
7,11,density,40,51,0.0,0.0,0.0,0.0,0.0,0.0
7,11,density,40,52,0.0,0.0,0.0,0.0,0.0,0.0
7,11,density,40,53,0.0,0.0,0.0,0.0,0.0,0.0
7,11,density,40,54,0.0,0.0,0.0,0.0,0.0,0.0
7,11,density,40,55,0.0,0.0,0.0,0.0,0.0,0.0
7,11,density,40,56,0.0,0.0,0.0,0.0,0.0,0.0
7,11,density,40,57,0.0,0.0,0.0,0.0,0.0,0.0
7,11,density,40,58,0.0,0.0,0.0,0.0,0.0,0.0
7,11,density,40,59,0.0,0.0,0.0,0.0,0.0,0.0
7,11,density,40,60,0.0,0.0,0.0,0.0,0.0,0.0
7,11,density,40,61,0.0,0.0,0.0,0.0,0.0,0.0
7,11,density,40,62,0.0,0.0,0.0,0.0,0.0,0.0
7,11,density,40,63,0.0,0.0,0.0,0.0,0.0,0.0
7,11,density,41,0,0.0,0.0,0.0,0.0,0.0,0.0
7,11,density,41,1,0.0,0.0,0.0,0.0,0.0,0.0
7,11,density,41,2,0.0,0.0,0.0,0.0,0.0,0.0
7,11,density,41,3,0.0,0.0,0.0,0.0,0.0,0.0
7,11,density,41,4,0.0,0.0,0.0,0.0,0.0,0.0
7,11,density,41,5,0.0,0.0,0.0,0.0,0.0,0.0
7,11,density,41,6,0.0,0.0,0.0,0.0,0.0,0.0
7,11,density,41,7,0.0,0.0,0.0,0.0,0.0,0.0
7,11,density,41,8,0.0,0.0,0.0,0.0,0.0,0.0
7,11,density,41,9,0.0,0.0,0.0,0.0,0.0,0.0
7,11,density,41,10,0.0,0.0,0.0,0.0,0.0,0.0
7,11,density,41,11,0.0,0.0,0.0,0.0,0.0,0.0
7,11,density,41,12,0.0,0.0,0.0,0.0,0.0,0.0
7,11,density,41,13,0.0,0.0,0.0,0.0,0.0,0.0
7,11,density,41,14,0.0,0.0,0.0,0.0,0.0,0.0
7,11,density,41,15,0.0,0.0,0.0,0.0,0.0,0.0
7,11,density,41,16,0.0,0.0,0.0,0.0,0.0,0.0
7,11,density,41,17,0.0,0.0,0.0,0.0,0.0,0.0
7,11,density,41,18,0.0,0.0,0.0,0.0,0.0,0.0
7,11,density,41,19,0.0,0.0,0.0,0.0,0.0,0.0
7,11,density,41,20,0.0,0.0,0.0,0.0,0.0,0.0
7,11,density,41,21,0.0,0.0,0.0,0.0,0.0,0.0
7,11,density,41,22,0.0,0.0,0.0,0.0,0.0,0.0
7,11,density,41,23,0.0,0.0,0.0,0.0,0.0,0.0
7,11,density,41,24,0.0,0.0,0.0,0.0,0.0,0.0
7,11,density,41,25,0.0,0.0,0.0,0.0,0.0,0.0
7,11,density,41,26,0.0,0.0,0.0,0.0,0.0,0.0
7,11,density,41,27,0.0,0.0,0.0,0.0,0.0,0.0
7,11,density,41,28,0.0,0.0,0.0,0.0,0.0,0.0
7,11,density,41,29,0.0,0.0,0.0,0.0,0.0,0.0
7,11,density,41,30,0.0,0.0,0.0,0.0,0.0,0.0
7,11,density,41,31,0.0,0.0,0.0,0.0,0.0,0.0
7,11,density,41,32,0.0,0.0,0.0,0.0,0.0,0.0
7,11,density,41,33,0.0,0.0,0.0,0.0,0.0,0.0
7,11,density,41,34,0.0,0.0,0.0,0.0,0.0,0.0
7,11,density,41,35,0.0,0.0,0.0,0.0,0.0,0.0
7,11,density,41,36,0.0,0.0,0.0,0.0,0.0,0.0
7,11,density,41,37,0.0,0.0,0.0,0.0,0.0,0.0
7,11,density,41,38,0.0,0.0,0.0,0.0,0.0,0.0
7,11,density,41,39,76433.945,115524.3,71163780.0,8435.862,39090.35,39090.35
7,11,density,41,40,336309.38,325342.03,51489716.0,7175.634,-10967.344,10967.344
7,11,density,41,41,229302.38,404055.16,92065700.0,9595.087,174752.78,174752.78
7,11,density,41,42,382169.75,293058.78,54670784.0,7393.969,-89110.97,89110.97
7,11,density,41,43,30573.65,105106.84,34742496.0,5894.2764,74533.195,74533.195
7,11,density,41,44,30573.578,0.0,0.0,0.0,-30573.578,30573.578
7,11,density,41,45,0.0,0.0,0.0,0.0,0.0,0.0
7,11,density,41,46,0.0,0.0,0.0,0.0,0.0,0.0
7,11,density,41,47,0.0,0.0,0.0,0.0,0.0,0.0
7,11,density,41,48,0.0,0.0,0.0,0.0,0.0,0.0
7,11,density,41,49,0.0,0.0,0.0,0.0,0.0,0.0
7,11,density,41,50,0.0,0.0,0.0,0.0,0.0,0.0
7,11,density,41,51,0.0,0.0,0.0,0.0,0.0,0.0
7,11,density,41,52,0.0,0.0,0.0,0.0,0.0,0.0
7,11,density,41,53,0.0,0.0,0.0,0.0,0.0,0.0
7,11,density,41,54,0.0,0.0,0.0,0.0,0.0,0.0
7,11,density,41,55,0.0,0.0,0.0,0.0,0.0,0.0
7,11,density,41,56,0.0,0.0,0.0,0.0,0.0,0.0
7,11,density,41,57,0.0,0.0,0.0,0.0,0.0,0.0
7,11,density,41,58,0.0,0.0,0.0,0.0,0.0,0.0
7,11,density,41,59,0.0,0.0,0.0,0.0,0.0,0.0
7,11,density,41,60,0.0,0.0,0.0,0.0,0.0,0.0
7,11,density,41,61,0.0,0.0,0.0,0.0,0.0,0.0
7,11,density,41,62,0.0,0.0,0.0,0.0,0.0,0.0
7,11,density,41,63,0.0,0.0,0.0,0.0,0.0,0.0
7,11,density,42,0,0.0,0.0,0.0,0.0,0.0,0.0
7,11,density,42,1,0.0,0.0,0.0,0.0,0.0,0.0
7,11,density,42,2,0.0,0.0,0.0,0.0,0.0,0.0
7,11,density,42,3,0.0,0.0,0.0,0.0,0.0,0.0
7,11,density,42,4,0.0,0.0,0.0,0.0,0.0,0.0
7,11,density,42,5,0.0,0.0,0.0,0.0,0.0,0.0
7,11,density,42,6,0.0,0.0,0.0,0.0,0.0,0.0
7,11,density,42,7,0.0,0.0,0.0,0.0,0.0,0.0
7,11,density,42,8,0.0,0.0,0.0,0.0,0.0,0.0
7,11,density,42,9,0.0,0.0,0.0,0.0,0.0,0.0
7,11,density,42,10,0.0,0.0,0.0,0.0,0.0,0.0
7,11,density,42,11,0.0,0.0,0.0,0.0,0.0,0.0
7,11,density,42,12,0.0,0.0,0.0,0.0,0.0,0.0
7,11,density,42,13,0.0,0.0,0.0,0.0,0.0,0.0
7,11,density,42,14,0.0,0.0,0.0,0.0,0.0,0.0
7,11,density,42,15,0.0,0.0,0.0,0.0,0.0,0.0
7,11,density,42,16,0.0,0.0,0.0,0.0,0.0,0.0
7,11,density,42,17,0.0,0.0,0.0,0.0,0.0,0.0
7,11,density,42,18,0.0,0.0,0.0,0.0,0.0,0.0
7,11,density,42,19,0.0,0.0,0.0,0.0,0.0,0.0
7,11,density,42,20,0.0,0.0,0.0,0.0,0.0,0.0
7,11,density,42,21,0.0,0.0,0.0,0.0,0.0,0.0
7,11,density,42,22,0.0,0.0,0.0,0.0,0.0,0.0
7,11,density,42,23,0.0,0.0,0.0,0.0,0.0,0.0
7,11,density,42,24,0.0,0.0,0.0,0.0,0.0,0.0
7,11,density,42,25,0.0,0.0,0.0,0.0,0.0,0.0
7,11,density,42,26,0.0,0.0,0.0,0.0,0.0,0.0
7,11,density,42,27,0.0,0.0,0.0,0.0,0.0,0.0
7,11,density,42,28,0.0,0.0,0.0,0.0,0.0,0.0
7,11,density,42,29,0.0,0.0,0.0,0.0,0.0,0.0
7,11,density,42,30,0.0,0.0,0.0,0.0,0.0,0.0
7,11,density,42,31,0.0,0.0,0.0,0.0,0.0,0.0
7,11,density,42,32,0.0,0.0,0.0,0.0,0.0,0.0
7,11,density,42,33,0.0,0.0,0.0,0.0,0.0,0.0
7,11,density,42,34,0.0,0.0,0.0,0.0,0.0,0.0
7,11,density,42,35,0.0,0.0,0.0,0.0,0.0,0.0
7,11,density,42,36,0.0,0.0,0.0,0.0,0.0,0.0
7,11,density,42,37,0.0,0.0,0.0,0.0,0.0,0.0
7,11,density,42,38,0.0,0.0,0.0,0.0,0.0,0.0
7,11,density,42,39,15286.789,32990.57,62544664.0,7908.5186,17703.781,17703.781
7,11,density,42,40,168154.69,204616.92,32395210.0,5691.6787,36462.234,36462.234
7,11,density,42,41,259876.03,317517.88,48392556.0,6956.476,57641.844,57641.844
7,11,density,42,42,321022.6,289578.44,50576024.0,7111.682,-31444.156,31444.156
7,11,density,42,43,107007.77,147206.64,24810116.0,4980.9756,40198.867,40198.867
7,11,density,42,44,0.0,213.46082,2049737.8,1431.6906,213.46082,213.46082
7,11,density,42,45,0.0,0.0,0.0,0.0,0.0,0.0
7,11,density,42,46,0.0,0.0,0.0,0.0,0.0,0.0
7,11,density,42,47,0.0,0.0,0.0,0.0,0.0,0.0
7,11,density,42,48,0.0,0.0,0.0,0.0,0.0,0.0
7,11,density,42,49,0.0,0.0,0.0,0.0,0.0,0.0
7,11,density,42,50,0.0,0.0,0.0,0.0,0.0,0.0
7,11,density,42,51,0.0,0.0,0.0,0.0,0.0,0.0
7,11,density,42,52,0.0,0.0,0.0,0.0,0.0,0.0
7,11,density,42,53,0.0,0.0,0.0,0.0,0.0,0.0
7,11,density,42,54,0.0,0.0,0.0,0.0,0.0,0.0
7,11,density,42,55,0.0,0.0,0.0,0.0,0.0,0.0
7,11,density,42,56,0.0,0.0,0.0,0.0,0.0,0.0
7,11,density,42,57,0.0,0.0,0.0,0.0,0.0,0.0
7,11,density,42,58,0.0,0.0,0.0,0.0,0.0,0.0
7,11,density,42,59,0.0,0.0,0.0,0.0,0.0,0.0
7,11,density,42,60,0.0,0.0,0.0,0.0,0.0,0.0
7,11,density,42,61,0.0,0.0,0.0,0.0,0.0,0.0
7,11,density,42,62,0.0,0.0,0.0,0.0,0.0,0.0
7,11,density,42,63,0.0,0.0,0.0,0.0,0.0,0.0
7,11,density,43,0,0.0,0.0,0.0,0.0,0.0,0.0
7,11,density,43,1,0.0,0.0,0.0,0.0,0.0,0.0
7,11,density,43,2,0.0,0.0,0.0,0.0,0.0,0.0
7,11,density,43,3,0.0,0.0,0.0,0.0,0.0,0.0
7,11,density,43,4,0.0,0.0,0.0,0.0,0.0,0.0
7,11,density,43,5,0.0,0.0,0.0,0.0,0.0,0.0
7,11,density,43,6,0.0,0.0,0.0,0.0,0.0,0.0
7,11,density,43,7,0.0,0.0,0.0,0.0,0.0,0.0
7,11,density,43,8,0.0,0.0,0.0,0.0,0.0,0.0
7,11,density,43,9,0.0,0.0,0.0,0.0,0.0,0.0
7,11,density,43,10,0.0,0.0,0.0,0.0,0.0,0.0
7,11,density,43,11,0.0,0.0,0.0,0.0,0.0,0.0
7,11,density,43,12,0.0,0.0,0.0,0.0,0.0,0.0
7,11,density,43,13,0.0,0.0,0.0,0.0,0.0,0.0
7,11,density,43,14,0.0,0.0,0.0,0.0,0.0,0.0
7,11,density,43,15,0.0,0.0,0.0,0.0,0.0,0.0
7,11,density,43,16,0.0,0.0,0.0,0.0,0.0,0.0
7,11,density,43,17,0.0,0.0,0.0,0.0,0.0,0.0
7,11,density,43,18,0.0,0.0,0.0,0.0,0.0,0.0
7,11,density,43,19,0.0,0.0,0.0,0.0,0.0,0.0
7,11,density,43,20,0.0,0.0,0.0,0.0,0.0,0.0
7,11,density,43,21,0.0,0.0,0.0,0.0,0.0,0.0
7,11,density,43,22,0.0,0.0,0.0,0.0,0.0,0.0
7,11,density,43,23,0.0,0.0,0.0,0.0,0.0,0.0
7,11,density,43,24,0.0,0.0,0.0,0.0,0.0,0.0
7,11,density,43,25,0.0,0.0,0.0,0.0,0.0,0.0
7,11,density,43,26,0.0,0.0,0.0,0.0,0.0,0.0
7,11,density,43,27,0.0,0.0,0.0,0.0,0.0,0.0
7,11,density,43,28,0.0,0.0,0.0,0.0,0.0,0.0
7,11,density,43,29,0.0,0.0,0.0,0.0,0.0,0.0
7,11,density,43,30,0.0,0.0,0.0,0.0,0.0,0.0
7,11,density,43,31,0.0,0.0,0.0,0.0,0.0,0.0
7,11,density,43,32,0.0,0.0,0.0,0.0,0.0,0.0
7,11,density,43,33,0.0,0.0,0.0,0.0,0.0,0.0
7,11,density,43,34,0.0,0.0,0.0,0.0,0.0,0.0
7,11,density,43,35,0.0,0.0,0.0,0.0,0.0,0.0
7,11,density,43,36,0.0,0.0,0.0,0.0,0.0,0.0
7,11,density,43,37,0.0,0.0,0.0,0.0,0.0,0.0
7,11,density,43,38,0.0,0.0,0.0,0.0,0.0,0.0
7,11,density,43,39,15286.756,110.70523,380572.25,616.9054,-15176.051,15176.051
7,11,density,43,40,76433.78,120915.24,22616130.0,4755.642,44481.46,44481.46
7,11,density,43,41,351596.2,227612.31,24383940.0,4938.01,-123983.875,123983.875
7,11,density,43,42,275161.6,255501.94,35961304.0,5996.7744,-19659.656,19659.656
7,11,density,43,43,168154.7,170652.88,21492148.0,4635.9624,2498.1719,2498.1719
7,11,density,43,44,45860.266,29846.893,18109506.0,4255.5264,-16013.373,16013.373
7,11,density,43,45,0.0,0.0,0.0,0.0,0.0,0.0
7,11,density,43,46,0.0,0.0,0.0,0.0,0.0,0.0
7,11,density,43,47,0.0,0.0,0.0,0.0,0.0,0.0
7,11,density,43,48,0.0,0.0,0.0,0.0,0.0,0.0
7,11,density,43,49,0.0,0.0,0.0,0.0,0.0,0.0
7,11,density,43,50,0.0,0.0,0.0,0.0,0.0,0.0
7,11,density,43,51,0.0,0.0,0.0,0.0,0.0,0.0
7,11,density,43,52,0.0,0.0,0.0,0.0,0.0,0.0
7,11,density,43,53,0.0,0.0,0.0,0.0,0.0,0.0
7,11,density,43,54,0.0,0.0,0.0,0.0,0.0,0.0
7,11,density,43,55,0.0,0.0,0.0,0.0,0.0,0.0
7,11,density,43,56,0.0,0.0,0.0,0.0,0.0,0.0
7,11,density,43,57,0.0,0.0,0.0,0.0,0.0,0.0
7,11,density,43,58,0.0,0.0,0.0,0.0,0.0,0.0
7,11,density,43,59,0.0,0.0,0.0,0.0,0.0,0.0
7,11,density,43,60,0.0,0.0,0.0,0.0,0.0,0.0
7,11,density,43,61,0.0,0.0,0.0,0.0,0.0,0.0
7,11,density,43,62,0.0,0.0,0.0,0.0,0.0,0.0
7,11,density,43,63,0.0,0.0,0.0,0.0,0.0,0.0
7,11,density,44,0,0.0,0.0,0.0,0.0,0.0,0.0
7,11,density,44,1,0.0,0.0,0.0,0.0,0.0,0.0
7,11,density,44,2,0.0,0.0,0.0,0.0,0.0,0.0
7,11,density,44,3,0.0,0.0,0.0,0.0,0.0,0.0
7,11,density,44,4,0.0,0.0,0.0,0.0,0.0,0.0
7,11,density,44,5,0.0,0.0,0.0,0.0,0.0,0.0
7,11,density,44,6,0.0,0.0,0.0,0.0,0.0,0.0
7,11,density,44,7,0.0,0.0,0.0,0.0,0.0,0.0
7,11,density,44,8,0.0,0.0,0.0,0.0,0.0,0.0
7,11,density,44,9,0.0,0.0,0.0,0.0,0.0,0.0
7,11,density,44,10,0.0,0.0,0.0,0.0,0.0,0.0
7,11,density,44,11,0.0,0.0,0.0,0.0,0.0,0.0
7,11,density,44,12,0.0,0.0,0.0,0.0,0.0,0.0
7,11,density,44,13,0.0,0.0,0.0,0.0,0.0,0.0
7,11,density,44,14,0.0,0.0,0.0,0.0,0.0,0.0
7,11,density,44,15,0.0,0.0,0.0,0.0,0.0,0.0
7,11,density,44,16,0.0,0.0,0.0,0.0,0.0,0.0
7,11,density,44,17,0.0,0.0,0.0,0.0,0.0,0.0
7,11,density,44,18,0.0,0.0,0.0,0.0,0.0,0.0
7,11,density,44,19,0.0,0.0,0.0,0.0,0.0,0.0
7,11,density,44,20,0.0,0.0,0.0,0.0,0.0,0.0
7,11,density,44,21,0.0,0.0,0.0,0.0,0.0,0.0
7,11,density,44,22,0.0,0.0,0.0,0.0,0.0,0.0
7,11,density,44,23,0.0,0.0,0.0,0.0,0.0,0.0
7,11,density,44,24,0.0,0.0,0.0,0.0,0.0,0.0
7,11,density,44,25,0.0,0.0,0.0,0.0,0.0,0.0
7,11,density,44,26,0.0,0.0,0.0,0.0,0.0,0.0
7,11,density,44,27,0.0,0.0,0.0,0.0,0.0,0.0
7,11,density,44,28,0.0,0.0,0.0,0.0,0.0,0.0
7,11,density,44,29,0.0,0.0,0.0,0.0,0.0,0.0
7,11,density,44,30,0.0,0.0,0.0,0.0,0.0,0.0
7,11,density,44,31,0.0,0.0,0.0,0.0,0.0,0.0
7,11,density,44,32,0.0,0.0,0.0,0.0,0.0,0.0
7,11,density,44,33,0.0,0.0,0.0,0.0,0.0,0.0
7,11,density,44,34,0.0,0.0,0.0,0.0,0.0,0.0
7,11,density,44,35,0.0,0.0,0.0,0.0,0.0,0.0
7,11,density,44,36,0.0,0.0,0.0,0.0,0.0,0.0
7,11,density,44,37,0.0,0.0,0.0,0.0,0.0,0.0
7,11,density,44,38,0.0,0.0,0.0,0.0,0.0,0.0
7,11,density,44,39,0.0,0.0,0.0,0.0,0.0,0.0
7,11,density,44,40,15286.789,72039.92,13163520.0,3628.1565,56753.133,56753.133
7,11,density,44,41,214015.55,151090.03,12163271.0,3487.5881,-62925.516,62925.516
7,11,density,44,42,229301.84,189543.52,18688562.0,4323.027,-39758.33,39758.33
7,11,density,44,43,76434.125,155538.22,15609821.0,3950.9265,79104.09,79104.09
7,11,density,44,44,0.0,53286.246,9695336.0,3113.7334,53286.246,53286.246
7,11,density,44,45,0.0,0.0,0.0,0.0,0.0,0.0
7,11,density,44,46,0.0,0.0,0.0,0.0,0.0,0.0
7,11,density,44,47,0.0,0.0,0.0,0.0,0.0,0.0
7,11,density,44,48,0.0,0.0,0.0,0.0,0.0,0.0
7,11,density,44,49,0.0,0.0,0.0,0.0,0.0,0.0
7,11,density,44,50,0.0,0.0,0.0,0.0,0.0,0.0
7,11,density,44,51,0.0,0.0,0.0,0.0,0.0,0.0
7,11,density,44,52,0.0,0.0,0.0,0.0,0.0,0.0
7,11,density,44,53,0.0,0.0,0.0,0.0,0.0,0.0
7,11,density,44,54,0.0,0.0,0.0,0.0,0.0,0.0
7,11,density,44,55,0.0,0.0,0.0,0.0,0.0,0.0
7,11,density,44,56,0.0,0.0,0.0,0.0,0.0,0.0
7,11,density,44,57,0.0,0.0,0.0,0.0,0.0,0.0
7,11,density,44,58,0.0,0.0,0.0,0.0,0.0,0.0
7,11,density,44,59,0.0,0.0,0.0,0.0,0.0,0.0
7,11,density,44,60,0.0,0.0,0.0,0.0,0.0,0.0
7,11,density,44,61,0.0,0.0,0.0,0.0,0.0,0.0
7,11,density,44,62,0.0,0.0,0.0,0.0,0.0,0.0
7,11,density,44,63,0.0,0.0,0.0,0.0,0.0,0.0
7,11,density,45,0,0.0,0.0,0.0,0.0,0.0,0.0
7,11,density,45,1,0.0,0.0,0.0,0.0,0.0,0.0
7,11,density,45,2,0.0,0.0,0.0,0.0,0.0,0.0
7,11,density,45,3,0.0,0.0,0.0,0.0,0.0,0.0
7,11,density,45,4,0.0,0.0,0.0,0.0,0.0,0.0
7,11,density,45,5,0.0,0.0,0.0,0.0,0.0,0.0
7,11,density,45,6,0.0,0.0,0.0,0.0,0.0,0.0
7,11,density,45,7,0.0,0.0,0.0,0.0,0.0,0.0
7,11,density,45,8,0.0,0.0,0.0,0.0,0.0,0.0
7,11,density,45,9,0.0,0.0,0.0,0.0,0.0,0.0
7,11,density,45,10,0.0,0.0,0.0,0.0,0.0,0.0
7,11,density,45,11,0.0,0.0,0.0,0.0,0.0,0.0
7,11,density,45,12,0.0,0.0,0.0,0.0,0.0,0.0
7,11,density,45,13,0.0,0.0,0.0,0.0,0.0,0.0
7,11,density,45,14,0.0,0.0,0.0,0.0,0.0,0.0
7,11,density,45,15,0.0,0.0,0.0,0.0,0.0,0.0
7,11,density,45,16,0.0,0.0,0.0,0.0,0.0,0.0
7,11,density,45,17,0.0,0.0,0.0,0.0,0.0,0.0
7,11,density,45,18,0.0,0.0,0.0,0.0,0.0,0.0
7,11,density,45,19,0.0,0.0,0.0,0.0,0.0,0.0
7,11,density,45,20,0.0,0.0,0.0,0.0,0.0,0.0
7,11,density,45,21,0.0,0.0,0.0,0.0,0.0,0.0
7,11,density,45,22,0.0,0.0,0.0,0.0,0.0,0.0
7,11,density,45,23,0.0,0.0,0.0,0.0,0.0,0.0
7,11,density,45,24,0.0,0.0,0.0,0.0,0.0,0.0
7,11,density,45,25,0.0,0.0,0.0,0.0,0.0,0.0
7,11,density,45,26,0.0,0.0,0.0,0.0,0.0,0.0
7,11,density,45,27,0.0,0.0,0.0,0.0,0.0,0.0
7,11,density,45,28,0.0,0.0,0.0,0.0,0.0,0.0
7,11,density,45,29,0.0,0.0,0.0,0.0,0.0,0.0
7,11,density,45,30,0.0,0.0,0.0,0.0,0.0,0.0
7,11,density,45,31,0.0,0.0,0.0,0.0,0.0,0.0
7,11,density,45,32,0.0,0.0,0.0,0.0,0.0,0.0
7,11,density,45,33,0.0,0.0,0.0,0.0,0.0,0.0
7,11,density,45,34,0.0,0.0,0.0,0.0,0.0,0.0
7,11,density,45,35,0.0,0.0,0.0,0.0,0.0,0.0
7,11,density,45,36,0.0,0.0,0.0,0.0,0.0,0.0
7,11,density,45,37,0.0,0.0,0.0,0.0,0.0,0.0
7,11,density,45,38,0.0,0.0,0.0,0.0,0.0,0.0
7,11,density,45,39,0.0,0.0,0.0,0.0,0.0,0.0
7,11,density,45,40,15286.789,39427.84,6946858.0,2635.6892,24141.05,24141.05
7,11,density,45,41,61147.3,93429.84,5970388.0,2443.4377,32282.543,32282.543
7,11,density,45,42,183441.47,127490.83,8825360.0,2970.7507,-55950.64,55950.64
7,11,density,45,43,45860.477,122565.91,9142812.0,3023.7083,76705.43,76705.43
7,11,density,45,44,45860.367,61693.33,5698649.0,2387.1843,15832.961,15832.961
7,11,density,45,45,15286.825,7041.7734,6560777.5,2561.4014,-8245.052,8245.052
7,11,density,45,46,0.0,0.0,0.0,0.0,0.0,0.0
7,11,density,45,47,0.0,0.0,0.0,0.0,0.0,0.0
7,11,density,45,48,0.0,0.0,0.0,0.0,0.0,0.0
7,11,density,45,49,0.0,0.0,0.0,0.0,0.0,0.0
7,11,density,45,50,0.0,0.0,0.0,0.0,0.0,0.0
7,11,density,45,51,0.0,0.0,0.0,0.0,0.0,0.0
7,11,density,45,52,0.0,0.0,0.0,0.0,0.0,0.0
7,11,density,45,53,0.0,0.0,0.0,0.0,0.0,0.0
7,11,density,45,54,0.0,0.0,0.0,0.0,0.0,0.0
7,11,density,45,55,0.0,0.0,0.0,0.0,0.0,0.0
7,11,density,45,56,0.0,0.0,0.0,0.0,0.0,0.0
7,11,density,45,57,0.0,0.0,0.0,0.0,0.0,0.0
7,11,density,45,58,0.0,0.0,0.0,0.0,0.0,0.0
7,11,density,45,59,0.0,0.0,0.0,0.0,0.0,0.0
7,11,density,45,60,0.0,0.0,0.0,0.0,0.0,0.0
7,11,density,45,61,0.0,0.0,0.0,0.0,0.0,0.0
7,11,density,45,62,0.0,0.0,0.0,0.0,0.0,0.0
7,11,density,45,63,0.0,0.0,0.0,0.0,0.0,0.0
7,11,density,46,0,0.0,0.0,0.0,0.0,0.0,0.0
7,11,density,46,1,0.0,0.0,0.0,0.0,0.0,0.0
7,11,density,46,2,0.0,0.0,0.0,0.0,0.0,0.0
7,11,density,46,3,0.0,0.0,0.0,0.0,0.0,0.0
7,11,density,46,4,0.0,0.0,0.0,0.0,0.0,0.0
7,11,density,46,5,0.0,0.0,0.0,0.0,0.0,0.0
7,11,density,46,6,0.0,0.0,0.0,0.0,0.0,0.0
7,11,density,46,7,0.0,0.0,0.0,0.0,0.0,0.0
7,11,density,46,8,0.0,0.0,0.0,0.0,0.0,0.0
7,11,density,46,9,0.0,0.0,0.0,0.0,0.0,0.0
7,11,density,46,10,0.0,0.0,0.0,0.0,0.0,0.0
7,11,density,46,11,0.0,0.0,0.0,0.0,0.0,0.0
7,11,density,46,12,0.0,0.0,0.0,0.0,0.0,0.0
7,11,density,46,13,0.0,0.0,0.0,0.0,0.0,0.0
7,11,density,46,14,0.0,0.0,0.0,0.0,0.0,0.0
7,11,density,46,15,0.0,0.0,0.0,0.0,0.0,0.0
7,11,density,46,16,0.0,0.0,0.0,0.0,0.0,0.0
7,11,density,46,17,0.0,0.0,0.0,0.0,0.0,0.0
7,11,density,46,18,0.0,0.0,0.0,0.0,0.0,0.0
7,11,density,46,19,0.0,0.0,0.0,0.0,0.0,0.0
7,11,density,46,20,0.0,0.0,0.0,0.0,0.0,0.0
7,11,density,46,21,0.0,0.0,0.0,0.0,0.0,0.0
7,11,density,46,22,0.0,0.0,0.0,0.0,0.0,0.0
7,11,density,46,23,0.0,0.0,0.0,0.0,0.0,0.0
7,11,density,46,24,0.0,0.0,0.0,0.0,0.0,0.0
7,11,density,46,25,0.0,0.0,0.0,0.0,0.0,0.0
7,11,density,46,26,0.0,0.0,0.0,0.0,0.0,0.0
7,11,density,46,27,0.0,0.0,0.0,0.0,0.0,0.0
7,11,density,46,28,0.0,0.0,0.0,0.0,0.0,0.0
7,11,density,46,29,0.0,0.0,0.0,0.0,0.0,0.0
7,11,density,46,30,0.0,0.0,0.0,0.0,0.0,0.0
7,11,density,46,31,0.0,0.0,0.0,0.0,0.0,0.0
7,11,density,46,32,0.0,0.0,0.0,0.0,0.0,0.0
7,11,density,46,33,0.0,0.0,0.0,0.0,0.0,0.0
7,11,density,46,34,0.0,0.0,0.0,0.0,0.0,0.0
7,11,density,46,35,0.0,0.0,0.0,0.0,0.0,0.0
7,11,density,46,36,0.0,0.0,0.0,0.0,0.0,0.0
7,11,density,46,37,0.0,0.0,0.0,0.0,0.0,0.0
7,11,density,46,38,0.0,0.0,0.0,0.0,0.0,0.0
7,11,density,46,39,0.0,0.0,0.0,0.0,0.0,0.0
7,11,density,46,40,0.0,24730.629,3380072.0,1838.4972,24730.629,24730.629
7,11,density,46,41,45860.477,58568.516,2982075.5,1726.8687,12708.039,12708.039
7,11,density,46,42,107007.52,81356.664,4071514.0,2017.7993,-25650.86,25650.86
7,11,density,46,43,45860.477,83825.89,4458975.5,2111.6287,37965.414,37965.414
7,11,density,46,44,61147.156,52890.57,3190458.5,1786.1855,-8256.586,8256.586
7,11,density,46,45,15286.825,19167.348,3239569.2,1799.8804,3880.5225,3880.5225
7,11,density,46,46,0.0,0.0,0.0,0.0,0.0,0.0
7,11,density,46,47,0.0,0.0,0.0,0.0,0.0,0.0
7,11,density,46,48,0.0,0.0,0.0,0.0,0.0,0.0
7,11,density,46,49,0.0,0.0,0.0,0.0,0.0,0.0
7,11,density,46,50,0.0,0.0,0.0,0.0,0.0,0.0
7,11,density,46,51,0.0,0.0,0.0,0.0,0.0,0.0
7,11,density,46,52,0.0,0.0,0.0,0.0,0.0,0.0
7,11,density,46,53,0.0,0.0,0.0,0.0,0.0,0.0
7,11,density,46,54,0.0,0.0,0.0,0.0,0.0,0.0
7,11,density,46,55,0.0,0.0,0.0,0.0,0.0,0.0
7,11,density,46,56,0.0,0.0,0.0,0.0,0.0,0.0
7,11,density,46,57,0.0,0.0,0.0,0.0,0.0,0.0
7,11,density,46,58,0.0,0.0,0.0,0.0,0.0,0.0
7,11,density,46,59,0.0,0.0,0.0,0.0,0.0,0.0
7,11,density,46,60,0.0,0.0,0.0,0.0,0.0,0.0
7,11,density,46,61,0.0,0.0,0.0,0.0,0.0,0.0
7,11,density,46,62,0.0,0.0,0.0,0.0,0.0,0.0
7,11,density,46,63,0.0,0.0,0.0,0.0,0.0,0.0
7,11,density,47,0,0.0,0.0,0.0,0.0,0.0,0.0
7,11,density,47,1,0.0,0.0,0.0,0.0,0.0,0.0
7,11,density,47,2,0.0,0.0,0.0,0.0,0.0,0.0
7,11,density,47,3,0.0,0.0,0.0,0.0,0.0,0.0
7,11,density,47,4,0.0,0.0,0.0,0.0,0.0,0.0
7,11,density,47,5,0.0,0.0,0.0,0.0,0.0,0.0
7,11,density,47,6,0.0,0.0,0.0,0.0,0.0,0.0
7,11,density,47,7,0.0,0.0,0.0,0.0,0.0,0.0
7,11,density,47,8,0.0,0.0,0.0,0.0,0.0,0.0
7,11,density,47,9,0.0,0.0,0.0,0.0,0.0,0.0
7,11,density,47,10,0.0,0.0,0.0,0.0,0.0,0.0
7,11,density,47,11,0.0,0.0,0.0,0.0,0.0,0.0
7,11,density,47,12,0.0,0.0,0.0,0.0,0.0,0.0
7,11,density,47,13,0.0,0.0,0.0,0.0,0.0,0.0
7,11,density,47,14,0.0,0.0,0.0,0.0,0.0,0.0
7,11,density,47,15,0.0,0.0,0.0,0.0,0.0,0.0
7,11,density,47,16,0.0,0.0,0.0,0.0,0.0,0.0
7,11,density,47,17,0.0,0.0,0.0,0.0,0.0,0.0
7,11,density,47,18,0.0,0.0,0.0,0.0,0.0,0.0
7,11,density,47,19,0.0,0.0,0.0,0.0,0.0,0.0
7,11,density,47,20,0.0,0.0,0.0,0.0,0.0,0.0
7,11,density,47,21,0.0,0.0,0.0,0.0,0.0,0.0
7,11,density,47,22,0.0,0.0,0.0,0.0,0.0,0.0
7,11,density,47,23,0.0,0.0,0.0,0.0,0.0,0.0
7,11,density,47,24,0.0,0.0,0.0,0.0,0.0,0.0
7,11,density,47,25,0.0,0.0,0.0,0.0,0.0,0.0
7,11,density,47,26,0.0,0.0,0.0,0.0,0.0,0.0
7,11,density,47,27,0.0,0.0,0.0,0.0,0.0,0.0
7,11,density,47,28,0.0,0.0,0.0,0.0,0.0,0.0
7,11,density,47,29,0.0,0.0,0.0,0.0,0.0,0.0
7,11,density,47,30,0.0,0.0,0.0,0.0,0.0,0.0
7,11,density,47,31,0.0,0.0,0.0,0.0,0.0,0.0
7,11,density,47,32,0.0,0.0,0.0,0.0,0.0,0.0
7,11,density,47,33,0.0,0.0,0.0,0.0,0.0,0.0
7,11,density,47,34,0.0,0.0,0.0,0.0,0.0,0.0
7,11,density,47,35,0.0,0.0,0.0,0.0,0.0,0.0
7,11,density,47,36,0.0,0.0,0.0,0.0,0.0,0.0
7,11,density,47,37,0.0,0.0,0.0,0.0,0.0,0.0
7,11,density,47,38,0.0,0.0,0.0,0.0,0.0,0.0
7,11,density,47,39,0.0,27.888363,48998.93,221.35703,27.888363,27.888363
7,11,density,47,40,0.0,18938.031,1656195.9,1286.9327,18938.031,18938.031
7,11,density,47,41,61147.3,38737.867,1629333.5,1276.4535,-22409.434,22409.434
7,11,density,47,42,61147.156,53051.434,2112173.5,1453.3319,-8095.7227,8095.7227
7,11,density,47,43,45860.477,56284.746,2361484.8,1536.7123,10424.27,10424.27
7,11,density,47,44,30573.578,41812.8,2009250.5,1417.4803,11239.223,11239.223
7,11,density,47,45,0.0,22998.84,2044875.6,1429.9915,22998.84,22998.84
7,11,density,47,46,0.0,22.807098,18705.35,136.7675,22.807098,22.807098
7,11,density,47,47,0.0,0.0,0.0,0.0,0.0,0.0
7,11,density,47,48,0.0,0.0,0.0,0.0,0.0,0.0
7,11,density,47,49,0.0,0.0,0.0,0.0,0.0,0.0
7,11,density,47,50,0.0,0.0,0.0,0.0,0.0,0.0
7,11,density,47,51,0.0,0.0,0.0,0.0,0.0,0.0
7,11,density,47,52,0.0,0.0,0.0,0.0,0.0,0.0
7,11,density,47,53,0.0,0.0,0.0,0.0,0.0,0.0
7,11,density,47,54,0.0,0.0,0.0,0.0,0.0,0.0
7,11,density,47,55,0.0,0.0,0.0,0.0,0.0,0.0
7,11,density,47,56,0.0,0.0,0.0,0.0,0.0,0.0
7,11,density,47,57,0.0,0.0,0.0,0.0,0.0,0.0
7,11,density,47,58,0.0,0.0,0.0,0.0,0.0,0.0
7,11,density,47,59,0.0,0.0,0.0,0.0,0.0,0.0
7,11,density,47,60,0.0,0.0,0.0,0.0,0.0,0.0
7,11,density,47,61,0.0,0.0,0.0,0.0,0.0,0.0
7,11,density,47,62,0.0,0.0,0.0,0.0,0.0,0.0
7,11,density,47,63,0.0,0.0,0.0,0.0,0.0,0.0
7,11,density,48,0,0.0,0.0,0.0,0.0,0.0,0.0
7,11,density,48,1,0.0,0.0,0.0,0.0,0.0,0.0
7,11,density,48,2,0.0,0.0,0.0,0.0,0.0,0.0
7,11,density,48,3,0.0,0.0,0.0,0.0,0.0,0.0
7,11,density,48,4,0.0,0.0,0.0,0.0,0.0,0.0
7,11,density,48,5,0.0,0.0,0.0,0.0,0.0,0.0
7,11,density,48,6,0.0,0.0,0.0,0.0,0.0,0.0
7,11,density,48,7,0.0,0.0,0.0,0.0,0.0,0.0
7,11,density,48,8,0.0,0.0,0.0,0.0,0.0,0.0
7,11,density,48,9,0.0,0.0,0.0,0.0,0.0,0.0
7,11,density,48,10,0.0,0.0,0.0,0.0,0.0,0.0
7,11,density,48,11,0.0,0.0,0.0,0.0,0.0,0.0
7,11,density,48,12,0.0,0.0,0.0,0.0,0.0,0.0
7,11,density,48,13,0.0,0.0,0.0,0.0,0.0,0.0
7,11,density,48,14,0.0,0.0,0.0,0.0,0.0,0.0
7,11,density,48,15,0.0,0.0,0.0,0.0,0.0,0.0
7,11,density,48,16,0.0,0.0,0.0,0.0,0.0,0.0
7,11,density,48,17,0.0,0.0,0.0,0.0,0.0,0.0
7,11,density,48,18,0.0,0.0,0.0,0.0,0.0,0.0
7,11,density,48,19,0.0,0.0,0.0,0.0,0.0,0.0
7,11,density,48,20,0.0,0.0,0.0,0.0,0.0,0.0
7,11,density,48,21,0.0,0.0,0.0,0.0,0.0,0.0
7,11,density,48,22,0.0,0.0,0.0,0.0,0.0,0.0
7,11,density,48,23,0.0,0.0,0.0,0.0,0.0,0.0
7,11,density,48,24,0.0,0.0,0.0,0.0,0.0,0.0
7,11,density,48,25,0.0,0.0,0.0,0.0,0.0,0.0
7,11,density,48,26,0.0,0.0,0.0,0.0,0.0,0.0
7,11,density,48,27,0.0,0.0,0.0,0.0,0.0,0.0
7,11,density,48,28,0.0,0.0,0.0,0.0,0.0,0.0
7,11,density,48,29,0.0,0.0,0.0,0.0,0.0,0.0
7,11,density,48,30,0.0,0.0,0.0,0.0,0.0,0.0
7,11,density,48,31,0.0,0.0,0.0,0.0,0.0,0.0
7,11,density,48,32,0.0,0.0,0.0,0.0,0.0,0.0
7,11,density,48,33,0.0,0.0,0.0,0.0,0.0,0.0
7,11,density,48,34,0.0,0.0,0.0,0.0,0.0,0.0
7,11,density,48,35,0.0,0.0,0.0,0.0,0.0,0.0
7,11,density,48,36,0.0,0.0,0.0,0.0,0.0,0.0
7,11,density,48,37,0.0,0.0,0.0,0.0,0.0,0.0
7,11,density,48,38,0.0,0.0,0.0,0.0,0.0,0.0
7,11,density,48,39,0.0,4708.766,1236011.8,1111.7606,4708.766,4708.766
7,11,density,48,40,0.0,18993.953,854479.1,924.38043,18993.953,18993.953
7,11,density,48,41,61147.3,30923.045,950824.75,975.1024,-30224.256,30224.256
7,11,density,48,42,137581.11,39141.68,1270658.5,1127.2349,-98439.43,98439.43
7,11,density,48,43,61147.3,40745.668,1496507.1,1223.3181,-20401.633,20401.633
7,11,density,48,44,45860.367,32439.938,1468146.6,1211.671,-13420.43,13420.43
7,11,density,48,45,0.0,20731.002,1502001.6,1225.5618,20731.002,20731.002
7,11,density,48,46,0.0,3754.5452,1454056.4,1205.8427,3754.5452,3754.5452
7,11,density,48,47,0.0,0.0,0.0,0.0,0.0,0.0
7,11,density,48,48,0.0,0.0,0.0,0.0,0.0,0.0
7,11,density,48,49,0.0,0.0,0.0,0.0,0.0,0.0
7,11,density,48,50,0.0,0.0,0.0,0.0,0.0,0.0
7,11,density,48,51,0.0,0.0,0.0,0.0,0.0,0.0
7,11,density,48,52,0.0,0.0,0.0,0.0,0.0,0.0
7,11,density,48,53,0.0,0.0,0.0,0.0,0.0,0.0
7,11,density,48,54,0.0,0.0,0.0,0.0,0.0,0.0
7,11,density,48,55,0.0,0.0,0.0,0.0,0.0,0.0
7,11,density,48,56,0.0,0.0,0.0,0.0,0.0,0.0
7,11,density,48,57,0.0,0.0,0.0,0.0,0.0,0.0
7,11,density,48,58,0.0,0.0,0.0,0.0,0.0,0.0
7,11,density,48,59,0.0,0.0,0.0,0.0,0.0,0.0
7,11,density,48,60,0.0,0.0,0.0,0.0,0.0,0.0
7,11,density,48,61,0.0,0.0,0.0,0.0,0.0,0.0
7,11,density,48,62,0.0,0.0,0.0,0.0,0.0,0.0
7,11,density,48,63,0.0,0.0,0.0,0.0,0.0,0.0
7,11,density,49,0,0.0,0.0,0.0,0.0,0.0,0.0
7,11,density,49,1,0.0,0.0,0.0,0.0,0.0,0.0
7,11,density,49,2,0.0,0.0,0.0,0.0,0.0,0.0
7,11,density,49,3,0.0,0.0,0.0,0.0,0.0,0.0
7,11,density,49,4,0.0,0.0,0.0,0.0,0.0,0.0
7,11,density,49,5,0.0,0.0,0.0,0.0,0.0,0.0
7,11,density,49,6,0.0,0.0,0.0,0.0,0.0,0.0
7,11,density,49,7,0.0,0.0,0.0,0.0,0.0,0.0
7,11,density,49,8,0.0,0.0,0.0,0.0,0.0,0.0
7,11,density,49,9,0.0,0.0,0.0,0.0,0.0,0.0
7,11,density,49,10,0.0,0.0,0.0,0.0,0.0,0.0
7,11,density,49,11,0.0,0.0,0.0,0.0,0.0,0.0
7,11,density,49,12,0.0,0.0,0.0,0.0,0.0,0.0
7,11,density,49,13,0.0,0.0,0.0,0.0,0.0,0.0
7,11,density,49,14,0.0,0.0,0.0,0.0,0.0,0.0
7,11,density,49,15,0.0,0.0,0.0,0.0,0.0,0.0
7,11,density,49,16,0.0,0.0,0.0,0.0,0.0,0.0
7,11,density,49,17,0.0,0.0,0.0,0.0,0.0,0.0
7,11,density,49,18,0.0,0.0,0.0,0.0,0.0,0.0
7,11,density,49,19,0.0,0.0,0.0,0.0,0.0,0.0
7,11,density,49,20,0.0,0.0,0.0,0.0,0.0,0.0
7,11,density,49,21,0.0,0.0,0.0,0.0,0.0,0.0
7,11,density,49,22,0.0,0.0,0.0,0.0,0.0,0.0
7,11,density,49,23,0.0,0.0,0.0,0.0,0.0,0.0
7,11,density,49,24,0.0,0.0,0.0,0.0,0.0,0.0
7,11,density,49,25,0.0,0.0,0.0,0.0,0.0,0.0
7,11,density,49,26,0.0,0.0,0.0,0.0,0.0,0.0
7,11,density,49,27,0.0,0.0,0.0,0.0,0.0,0.0
7,11,density,49,28,0.0,0.0,0.0,0.0,0.0,0.0
7,11,density,49,29,0.0,0.0,0.0,0.0,0.0,0.0
7,11,density,49,30,0.0,0.0,0.0,0.0,0.0,0.0
7,11,density,49,31,0.0,0.0,0.0,0.0,0.0,0.0
7,11,density,49,32,0.0,0.0,0.0,0.0,0.0,0.0
7,11,density,49,33,0.0,0.0,0.0,0.0,0.0,0.0
7,11,density,49,34,0.0,0.0,0.0,0.0,0.0,0.0
7,11,density,49,35,0.0,0.0,0.0,0.0,0.0,0.0
7,11,density,49,36,0.0,0.0,0.0,0.0,0.0,0.0
7,11,density,49,37,0.0,0.0,0.0,0.0,0.0,0.0
7,11,density,49,38,0.0,1489.6411,678903.9,823.95624,1489.6411,1489.6411
7,11,density,49,39,0.0,7571.6777,513360.6,716.4919,7571.6777,7571.6777
7,11,density,49,40,0.0,15911.015,437027.97,661.08093,15911.015,15911.015
7,11,density,49,41,15286.825,22542.527,536711.94,732.60626,7255.702,7255.702
7,11,density,49,42,15286.789,27408.275,760501.94,872.0676,12121.486,12121.486
7,11,density,49,43,76434.125,28424.61,970316.9,985.04663,-48009.516,48009.516
7,11,density,49,44,15286.789,24458.719,1115486.2,1056.1659,9171.93,9171.93
7,11,density,49,45,0.0,17826.594,1214785.6,1102.1731,17826.594,17826.594
7,11,density,49,46,0.0,6884.6787,1163661.2,1078.7313,6884.6787,6884.6787
7,11,density,49,47,0.0,0.0,0.0,0.0,0.0,0.0
7,11,density,49,48,0.0,0.0,0.0,0.0,0.0,0.0
7,11,density,49,49,0.0,0.0,0.0,0.0,0.0,0.0
7,11,density,49,50,0.0,0.0,0.0,0.0,0.0,0.0
7,11,density,49,51,0.0,0.0,0.0,0.0,0.0,0.0
7,11,density,49,52,0.0,0.0,0.0,0.0,0.0,0.0
7,11,density,49,53,0.0,0.0,0.0,0.0,0.0,0.0
7,11,density,49,54,0.0,0.0,0.0,0.0,0.0,0.0
7,11,density,49,55,0.0,0.0,0.0,0.0,0.0,0.0
7,11,density,49,56,0.0,0.0,0.0,0.0,0.0,0.0
7,11,density,49,57,0.0,0.0,0.0,0.0,0.0,0.0
7,11,density,49,58,0.0,0.0,0.0,0.0,0.0,0.0
7,11,density,49,59,0.0,0.0,0.0,0.0,0.0,0.0
7,11,density,49,60,0.0,0.0,0.0,0.0,0.0,0.0
7,11,density,49,61,0.0,0.0,0.0,0.0,0.0,0.0
7,11,density,49,62,0.0,0.0,0.0,0.0,0.0,0.0
7,11,density,49,63,0.0,0.0,0.0,0.0,0.0,0.0
7,11,density,50,0,0.0,0.0,0.0,0.0,0.0,0.0
7,11,density,50,1,0.0,0.0,0.0,0.0,0.0,0.0
7,11,density,50,2,0.0,0.0,0.0,0.0,0.0,0.0
7,11,density,50,3,0.0,0.0,0.0,0.0,0.0,0.0
7,11,density,50,4,0.0,0.0,0.0,0.0,0.0,0.0
7,11,density,50,5,0.0,0.0,0.0,0.0,0.0,0.0
7,11,density,50,6,0.0,0.0,0.0,0.0,0.0,0.0
7,11,density,50,7,0.0,0.0,0.0,0.0,0.0,0.0
7,11,density,50,8,0.0,0.0,0.0,0.0,0.0,0.0
7,11,density,50,9,0.0,0.0,0.0,0.0,0.0,0.0
7,11,density,50,10,0.0,0.0,0.0,0.0,0.0,0.0
7,11,density,50,11,0.0,0.0,0.0,0.0,0.0,0.0
7,11,density,50,12,0.0,0.0,0.0,0.0,0.0,0.0
7,11,density,50,13,0.0,0.0,0.0,0.0,0.0,0.0
7,11,density,50,14,0.0,0.0,0.0,0.0,0.0,0.0
7,11,density,50,15,0.0,0.0,0.0,0.0,0.0,0.0
7,11,density,50,16,0.0,0.0,0.0,0.0,0.0,0.0
7,11,density,50,17,0.0,0.0,0.0,0.0,0.0,0.0
7,11,density,50,18,0.0,0.0,0.0,0.0,0.0,0.0
7,11,density,50,19,0.0,0.0,0.0,0.0,0.0,0.0
7,11,density,50,20,0.0,0.0,0.0,0.0,0.0,0.0
7,11,density,50,21,0.0,0.0,0.0,0.0,0.0,0.0
7,11,density,50,22,0.0,0.0,0.0,0.0,0.0,0.0
7,11,density,50,23,0.0,0.0,0.0,0.0,0.0,0.0
7,11,density,50,24,0.0,0.0,0.0,0.0,0.0,0.0
7,11,density,50,25,0.0,0.0,0.0,0.0,0.0,0.0
7,11,density,50,26,0.0,0.0,0.0,0.0,0.0,0.0
7,11,density,50,27,0.0,0.0,0.0,0.0,0.0,0.0
7,11,density,50,28,0.0,0.0,0.0,0.0,0.0,0.0
7,11,density,50,29,0.0,0.0,0.0,0.0,0.0,0.0
7,11,density,50,30,0.0,0.0,0.0,0.0,0.0,0.0
7,11,density,50,31,0.0,0.0,0.0,0.0,0.0,0.0
7,11,density,50,32,0.0,0.0,0.0,0.0,0.0,0.0
7,11,density,50,33,0.0,0.0,0.0,0.0,0.0,0.0
7,11,density,50,34,0.0,0.0,0.0,0.0,0.0,0.0
7,11,density,50,35,0.0,0.0,0.0,0.0,0.0,0.0
7,11,density,50,36,0.0,0.0,0.0,0.0,0.0,0.0
7,11,density,50,37,0.0,0.0,0.0,0.0,0.0,0.0
7,11,density,50,38,0.0,1175.9703,372644.72,610.4463,1175.9703,1175.9703
7,11,density,50,39,0.0,5569.3823,270588.8,520.1815,5569.3823,5569.3823
7,11,density,50,40,0.0,11048.582,242478.86,492.42142,11048.582,11048.582
7,11,density,50,41,15286.825,15063.114,315309.1,561.5239,-223.71094,223.71094
7,11,density,50,42,76433.945,17968.273,470633.0,686.027,-58465.67,58465.67
7,11,density,50,43,15286.825,18476.256,632448.1,795.26605,3189.4307,3189.4307
7,11,density,50,44,0.0,16019.575,771741.6,878.4883,16019.575,16019.575
7,11,density,50,45,0.0,11581.266,868057.9,931.6962,11581.266,11581.266
7,11,density,50,46,0.0,4248.32,889334.0,943.04504,4248.32,4248.32
7,11,density,50,47,0.0,0.0,0.0,0.0,0.0,0.0
7,11,density,50,48,0.0,0.0,0.0,0.0,0.0,0.0
7,11,density,50,49,0.0,0.0,0.0,0.0,0.0,0.0
7,11,density,50,50,0.0,0.0,0.0,0.0,0.0,0.0
7,11,density,50,51,0.0,0.0,0.0,0.0,0.0,0.0
7,11,density,50,52,0.0,0.0,0.0,0.0,0.0,0.0
7,11,density,50,53,0.0,0.0,0.0,0.0,0.0,0.0
7,11,density,50,54,0.0,0.0,0.0,0.0,0.0,0.0
7,11,density,50,55,0.0,0.0,0.0,0.0,0.0,0.0
7,11,density,50,56,0.0,0.0,0.0,0.0,0.0,0.0
7,11,density,50,57,0.0,0.0,0.0,0.0,0.0,0.0
7,11,density,50,58,0.0,0.0,0.0,0.0,0.0,0.0
7,11,density,50,59,0.0,0.0,0.0,0.0,0.0,0.0
7,11,density,50,60,0.0,0.0,0.0,0.0,0.0,0.0
7,11,density,50,61,0.0,0.0,0.0,0.0,0.0,0.0
7,11,density,50,62,0.0,0.0,0.0,0.0,0.0,0.0
7,11,density,50,63,0.0,0.0,0.0,0.0,0.0,0.0
7,11,density,51,0,0.0,0.0,0.0,0.0,0.0,0.0
7,11,density,51,1,0.0,0.0,0.0,0.0,0.0,0.0
7,11,density,51,2,0.0,0.0,0.0,0.0,0.0,0.0
7,11,density,51,3,0.0,0.0,0.0,0.0,0.0,0.0
7,11,density,51,4,0.0,0.0,0.0,0.0,0.0,0.0
7,11,density,51,5,0.0,0.0,0.0,0.0,0.0,0.0
7,11,density,51,6,0.0,0.0,0.0,0.0,0.0,0.0
7,11,density,51,7,0.0,0.0,0.0,0.0,0.0,0.0
7,11,density,51,8,0.0,0.0,0.0,0.0,0.0,0.0
7,11,density,51,9,0.0,0.0,0.0,0.0,0.0,0.0
7,11,density,51,10,0.0,0.0,0.0,0.0,0.0,0.0
7,11,density,51,11,0.0,0.0,0.0,0.0,0.0,0.0
7,11,density,51,12,0.0,0.0,0.0,0.0,0.0,0.0
7,11,density,51,13,0.0,0.0,0.0,0.0,0.0,0.0
7,11,density,51,14,0.0,0.0,0.0,0.0,0.0,0.0
7,11,density,51,15,0.0,0.0,0.0,0.0,0.0,0.0
7,11,density,51,16,0.0,0.0,0.0,0.0,0.0,0.0
7,11,density,51,17,0.0,0.0,0.0,0.0,0.0,0.0
7,11,density,51,18,0.0,0.0,0.0,0.0,0.0,0.0
7,11,density,51,19,0.0,0.0,0.0,0.0,0.0,0.0
7,11,density,51,20,0.0,0.0,0.0,0.0,0.0,0.0
7,11,density,51,21,0.0,0.0,0.0,0.0,0.0,0.0
7,11,density,51,22,0.0,0.0,0.0,0.0,0.0,0.0
7,11,density,51,23,0.0,0.0,0.0,0.0,0.0,0.0
7,11,density,51,24,0.0,0.0,0.0,0.0,0.0,0.0
7,11,density,51,25,0.0,0.0,0.0,0.0,0.0,0.0
7,11,density,51,26,0.0,0.0,0.0,0.0,0.0,0.0
7,11,density,51,27,0.0,0.0,0.0,0.0,0.0,0.0
7,11,density,51,28,0.0,0.0,0.0,0.0,0.0,0.0
7,11,density,51,29,0.0,0.0,0.0,0.0,0.0,0.0
7,11,density,51,30,0.0,0.0,0.0,0.0,0.0,0.0
7,11,density,51,31,0.0,0.0,0.0,0.0,0.0,0.0
7,11,density,51,32,0.0,0.0,0.0,0.0,0.0,0.0
7,11,density,51,33,0.0,0.0,0.0,0.0,0.0,0.0
7,11,density,51,34,0.0,0.0,0.0,0.0,0.0,0.0
7,11,density,51,35,0.0,0.0,0.0,0.0,0.0,0.0
7,11,density,51,36,0.0,0.0,0.0,0.0,0.0,0.0
7,11,density,51,37,0.0,0.0,0.0,0.0,0.0,0.0
7,11,density,51,38,0.0,0.0,0.0,0.0,0.0,0.0
7,11,density,51,39,0.0,1295.3367,195294.02,441.9208,1295.3367,1295.3367
7,11,density,51,40,0.0,4525.4126,187759.36,433.31207,4525.4126,4525.4126
7,11,density,51,41,0.0,6865.032,236970.98,486.79666,6865.032,6865.032
7,11,density,51,42,15286.789,8747.643,332363.4,576.50964,-6539.1465,6539.1465
7,11,density,51,43,0.0,9171.043,440495.97,663.6987,9171.043,9171.043
7,11,density,51,44,0.0,8072.265,555532.75,745.3407,8072.265,8072.265
7,11,density,51,45,0.0,5289.902,646907.2,804.3054,5289.902,5289.902
7,11,density,51,46,0.0,630.0993,397608.75,630.56226,630.0993,630.0993
7,11,density,51,47,0.0,0.0,0.0,0.0,0.0,0.0
7,11,density,51,48,0.0,0.0,0.0,0.0,0.0,0.0
7,11,density,51,49,0.0,0.0,0.0,0.0,0.0,0.0
7,11,density,51,50,0.0,0.0,0.0,0.0,0.0,0.0
7,11,density,51,51,0.0,0.0,0.0,0.0,0.0,0.0
7,11,density,51,52,0.0,0.0,0.0,0.0,0.0,0.0
7,11,density,51,53,0.0,0.0,0.0,0.0,0.0,0.0
7,11,density,51,54,0.0,0.0,0.0,0.0,0.0,0.0
7,11,density,51,55,0.0,0.0,0.0,0.0,0.0,0.0
7,11,density,51,56,0.0,0.0,0.0,0.0,0.0,0.0
7,11,density,51,57,0.0,0.0,0.0,0.0,0.0,0.0
7,11,density,51,58,0.0,0.0,0.0,0.0,0.0,0.0
7,11,density,51,59,0.0,0.0,0.0,0.0,0.0,0.0
7,11,density,51,60,0.0,0.0,0.0,0.0,0.0,0.0
7,11,density,51,61,0.0,0.0,0.0,0.0,0.0,0.0
7,11,density,51,62,0.0,0.0,0.0,0.0,0.0,0.0
7,11,density,51,63,0.0,0.0,0.0,0.0,0.0,0.0
7,11,density,52,0,0.0,0.0,0.0,0.0,0.0,0.0
7,11,density,52,1,0.0,0.0,0.0,0.0,0.0,0.0
7,11,density,52,2,0.0,0.0,0.0,0.0,0.0,0.0
7,11,density,52,3,0.0,0.0,0.0,0.0,0.0,0.0
7,11,density,52,4,0.0,0.0,0.0,0.0,0.0,0.0
7,11,density,52,5,0.0,0.0,0.0,0.0,0.0,0.0
7,11,density,52,6,0.0,0.0,0.0,0.0,0.0,0.0
7,11,density,52,7,0.0,0.0,0.0,0.0,0.0,0.0
7,11,density,52,8,0.0,0.0,0.0,0.0,0.0,0.0
7,11,density,52,9,0.0,0.0,0.0,0.0,0.0,0.0
7,11,density,52,10,0.0,0.0,0.0,0.0,0.0,0.0
7,11,density,52,11,0.0,0.0,0.0,0.0,0.0,0.0
7,11,density,52,12,0.0,0.0,0.0,0.0,0.0,0.0
7,11,density,52,13,0.0,0.0,0.0,0.0,0.0,0.0
7,11,density,52,14,0.0,0.0,0.0,0.0,0.0,0.0
7,11,density,52,15,0.0,0.0,0.0,0.0,0.0,0.0
7,11,density,52,16,0.0,0.0,0.0,0.0,0.0,0.0
7,11,density,52,17,0.0,0.0,0.0,0.0,0.0,0.0
7,11,density,52,18,0.0,0.0,0.0,0.0,0.0,0.0
7,11,density,52,19,0.0,0.0,0.0,0.0,0.0,0.0
7,11,density,52,20,0.0,0.0,0.0,0.0,0.0,0.0
7,11,density,52,21,0.0,0.0,0.0,0.0,0.0,0.0
7,11,density,52,22,0.0,0.0,0.0,0.0,0.0,0.0
7,11,density,52,23,0.0,0.0,0.0,0.0,0.0,0.0
7,11,density,52,24,0.0,0.0,0.0,0.0,0.0,0.0
7,11,density,52,25,0.0,0.0,0.0,0.0,0.0,0.0
7,11,density,52,26,0.0,0.0,0.0,0.0,0.0,0.0
7,11,density,52,27,0.0,0.0,0.0,0.0,0.0,0.0
7,11,density,52,28,0.0,0.0,0.0,0.0,0.0,0.0
7,11,density,52,29,0.0,0.0,0.0,0.0,0.0,0.0
7,11,density,52,30,0.0,0.0,0.0,0.0,0.0,0.0
7,11,density,52,31,0.0,0.0,0.0,0.0,0.0,0.0
7,11,density,52,32,0.0,0.0,0.0,0.0,0.0,0.0
7,11,density,52,33,0.0,0.0,0.0,0.0,0.0,0.0
7,11,density,52,34,0.0,0.0,0.0,0.0,0.0,0.0
7,11,density,52,35,0.0,0.0,0.0,0.0,0.0,0.0
7,11,density,52,36,0.0,0.0,0.0,0.0,0.0,0.0
7,11,density,52,37,0.0,0.0,0.0,0.0,0.0,0.0
7,11,density,52,38,0.0,0.0,0.0,0.0,0.0,0.0
7,11,density,52,39,0.0,0.0,0.0,0.0,0.0,0.0
7,11,density,52,40,0.0,31.049358,11490.888,107.19556,31.049358,31.049358
7,11,density,52,41,0.0,1378.1678,255032.31,505.00723,1378.1678,1378.1678
7,11,density,52,42,0.0,2798.738,324634.12,569.7667,2798.738,2798.738
7,11,density,52,43,0.0,3020.738,408402.0,639.06335,3020.738,3020.738
7,11,density,52,44,0.0,1926.9607,505260.97,710.8171,1926.9607,1926.9607
7,11,density,52,45,0.0,100.51276,60853.63,246.68529,100.51276,100.51276
7,11,density,52,46,0.0,0.0,0.0,0.0,0.0,0.0
7,11,density,52,47,0.0,0.0,0.0,0.0,0.0,0.0
7,11,density,52,48,0.0,0.0,0.0,0.0,0.0,0.0
7,11,density,52,49,0.0,0.0,0.0,0.0,0.0,0.0
7,11,density,52,50,0.0,0.0,0.0,0.0,0.0,0.0
7,11,density,52,51,0.0,0.0,0.0,0.0,0.0,0.0
7,11,density,52,52,0.0,0.0,0.0,0.0,0.0,0.0
7,11,density,52,53,0.0,0.0,0.0,0.0,0.0,0.0
7,11,density,52,54,0.0,0.0,0.0,0.0,0.0,0.0
7,11,density,52,55,0.0,0.0,0.0,0.0,0.0,0.0
7,11,density,52,56,0.0,0.0,0.0,0.0,0.0,0.0
7,11,density,52,57,0.0,0.0,0.0,0.0,0.0,0.0
7,11,density,52,58,0.0,0.0,0.0,0.0,0.0,0.0
7,11,density,52,59,0.0,0.0,0.0,0.0,0.0,0.0
7,11,density,52,60,0.0,0.0,0.0,0.0,0.0,0.0
7,11,density,52,61,0.0,0.0,0.0,0.0,0.0,0.0
7,11,density,52,62,0.0,0.0,0.0,0.0,0.0,0.0
7,11,density,52,63,0.0,0.0,0.0,0.0,0.0,0.0
7,11,density,53,0,0.0,0.0,0.0,0.0,0.0,0.0
7,11,density,53,1,0.0,0.0,0.0,0.0,0.0,0.0
7,11,density,53,2,0.0,0.0,0.0,0.0,0.0,0.0
7,11,density,53,3,0.0,0.0,0.0,0.0,0.0,0.0
7,11,density,53,4,0.0,0.0,0.0,0.0,0.0,0.0
7,11,density,53,5,0.0,0.0,0.0,0.0,0.0,0.0
7,11,density,53,6,0.0,0.0,0.0,0.0,0.0,0.0
7,11,density,53,7,0.0,0.0,0.0,0.0,0.0,0.0
7,11,density,53,8,0.0,0.0,0.0,0.0,0.0,0.0
7,11,density,53,9,0.0,0.0,0.0,0.0,0.0,0.0
7,11,density,53,10,0.0,0.0,0.0,0.0,0.0,0.0
7,11,density,53,11,0.0,0.0,0.0,0.0,0.0,0.0
7,11,density,53,12,0.0,0.0,0.0,0.0,0.0,0.0
7,11,density,53,13,0.0,0.0,0.0,0.0,0.0,0.0
7,11,density,53,14,0.0,0.0,0.0,0.0,0.0,0.0
7,11,density,53,15,0.0,0.0,0.0,0.0,0.0,0.0
7,11,density,53,16,0.0,0.0,0.0,0.0,0.0,0.0
7,11,density,53,17,0.0,0.0,0.0,0.0,0.0,0.0
7,11,density,53,18,0.0,0.0,0.0,0.0,0.0,0.0
7,11,density,53,19,0.0,0.0,0.0,0.0,0.0,0.0
7,11,density,53,20,0.0,0.0,0.0,0.0,0.0,0.0
7,11,density,53,21,0.0,0.0,0.0,0.0,0.0,0.0
7,11,density,53,22,0.0,0.0,0.0,0.0,0.0,0.0
7,11,density,53,23,0.0,0.0,0.0,0.0,0.0,0.0
7,11,density,53,24,0.0,0.0,0.0,0.0,0.0,0.0
7,11,density,53,25,0.0,0.0,0.0,0.0,0.0,0.0
7,11,density,53,26,0.0,0.0,0.0,0.0,0.0,0.0
7,11,density,53,27,0.0,0.0,0.0,0.0,0.0,0.0
7,11,density,53,28,0.0,0.0,0.0,0.0,0.0,0.0
7,11,density,53,29,0.0,0.0,0.0,0.0,0.0,0.0
7,11,density,53,30,0.0,0.0,0.0,0.0,0.0,0.0
7,11,density,53,31,0.0,0.0,0.0,0.0,0.0,0.0
7,11,density,53,32,0.0,0.0,0.0,0.0,0.0,0.0
7,11,density,53,33,0.0,0.0,0.0,0.0,0.0,0.0
7,11,density,53,34,0.0,0.0,0.0,0.0,0.0,0.0
7,11,density,53,35,0.0,0.0,0.0,0.0,0.0,0.0
7,11,density,53,36,0.0,0.0,0.0,0.0,0.0,0.0
7,11,density,53,37,0.0,0.0,0.0,0.0,0.0,0.0
7,11,density,53,38,0.0,0.0,0.0,0.0,0.0,0.0
7,11,density,53,39,0.0,0.0,0.0,0.0,0.0,0.0
7,11,density,53,40,0.0,0.0,0.0,0.0,0.0,0.0
7,11,density,53,41,15286.802,0.0,0.0,0.0,-15286.802,15286.802
7,11,density,53,42,0.0,0.0,0.0,0.0,0.0,0.0
7,11,density,53,43,15286.802,0.0,0.0,0.0,-15286.802,15286.802
7,11,density,53,44,0.0,0.0,0.0,0.0,0.0,0.0
7,11,density,53,45,0.0,0.0,0.0,0.0,0.0,0.0
7,11,density,53,46,0.0,0.0,0.0,0.0,0.0,0.0
7,11,density,53,47,0.0,0.0,0.0,0.0,0.0,0.0
7,11,density,53,48,0.0,0.0,0.0,0.0,0.0,0.0
7,11,density,53,49,0.0,0.0,0.0,0.0,0.0,0.0
7,11,density,53,50,0.0,0.0,0.0,0.0,0.0,0.0
7,11,density,53,51,0.0,0.0,0.0,0.0,0.0,0.0
7,11,density,53,52,0.0,0.0,0.0,0.0,0.0,0.0
7,11,density,53,53,0.0,0.0,0.0,0.0,0.0,0.0
7,11,density,53,54,0.0,0.0,0.0,0.0,0.0,0.0
7,11,density,53,55,0.0,0.0,0.0,0.0,0.0,0.0
7,11,density,53,56,0.0,0.0,0.0,0.0,0.0,0.0
7,11,density,53,57,0.0,0.0,0.0,0.0,0.0,0.0
7,11,density,53,58,0.0,0.0,0.0,0.0,0.0,0.0
7,11,density,53,59,0.0,0.0,0.0,0.0,0.0,0.0
7,11,density,53,60,0.0,0.0,0.0,0.0,0.0,0.0
7,11,density,53,61,0.0,0.0,0.0,0.0,0.0,0.0
7,11,density,53,62,0.0,0.0,0.0,0.0,0.0,0.0
7,11,density,53,63,0.0,0.0,0.0,0.0,0.0,0.0
7,11,density,54,0,0.0,0.0,0.0,0.0,0.0,0.0
7,11,density,54,1,0.0,0.0,0.0,0.0,0.0,0.0
7,11,density,54,2,0.0,0.0,0.0,0.0,0.0,0.0
7,11,density,54,3,0.0,0.0,0.0,0.0,0.0,0.0
7,11,density,54,4,0.0,0.0,0.0,0.0,0.0,0.0
7,11,density,54,5,0.0,0.0,0.0,0.0,0.0,0.0
7,11,density,54,6,0.0,0.0,0.0,0.0,0.0,0.0
7,11,density,54,7,0.0,0.0,0.0,0.0,0.0,0.0
7,11,density,54,8,0.0,0.0,0.0,0.0,0.0,0.0
7,11,density,54,9,0.0,0.0,0.0,0.0,0.0,0.0
7,11,density,54,10,0.0,0.0,0.0,0.0,0.0,0.0
7,11,density,54,11,0.0,0.0,0.0,0.0,0.0,0.0
7,11,density,54,12,0.0,0.0,0.0,0.0,0.0,0.0
7,11,density,54,13,0.0,0.0,0.0,0.0,0.0,0.0
7,11,density,54,14,0.0,0.0,0.0,0.0,0.0,0.0
7,11,density,54,15,0.0,0.0,0.0,0.0,0.0,0.0
7,11,density,54,16,0.0,0.0,0.0,0.0,0.0,0.0
7,11,density,54,17,0.0,0.0,0.0,0.0,0.0,0.0
7,11,density,54,18,0.0,0.0,0.0,0.0,0.0,0.0
7,11,density,54,19,0.0,0.0,0.0,0.0,0.0,0.0
7,11,density,54,20,0.0,0.0,0.0,0.0,0.0,0.0
7,11,density,54,21,0.0,0.0,0.0,0.0,0.0,0.0
7,11,density,54,22,0.0,0.0,0.0,0.0,0.0,0.0
7,11,density,54,23,0.0,0.0,0.0,0.0,0.0,0.0
7,11,density,54,24,0.0,0.0,0.0,0.0,0.0,0.0
7,11,density,54,25,0.0,0.0,0.0,0.0,0.0,0.0
7,11,density,54,26,0.0,0.0,0.0,0.0,0.0,0.0
7,11,density,54,27,0.0,0.0,0.0,0.0,0.0,0.0
7,11,density,54,28,0.0,0.0,0.0,0.0,0.0,0.0
7,11,density,54,29,0.0,0.0,0.0,0.0,0.0,0.0
7,11,density,54,30,0.0,0.0,0.0,0.0,0.0,0.0
7,11,density,54,31,0.0,0.0,0.0,0.0,0.0,0.0
7,11,density,54,32,0.0,0.0,0.0,0.0,0.0,0.0
7,11,density,54,33,0.0,0.0,0.0,0.0,0.0,0.0
7,11,density,54,34,0.0,0.0,0.0,0.0,0.0,0.0
7,11,density,54,35,0.0,0.0,0.0,0.0,0.0,0.0
7,11,density,54,36,0.0,0.0,0.0,0.0,0.0,0.0
7,11,density,54,37,0.0,0.0,0.0,0.0,0.0,0.0
7,11,density,54,38,0.0,0.0,0.0,0.0,0.0,0.0
7,11,density,54,39,0.0,0.0,0.0,0.0,0.0,0.0
7,11,density,54,40,0.0,0.0,0.0,0.0,0.0,0.0
7,11,density,54,41,0.0,0.0,0.0,0.0,0.0,0.0
7,11,density,54,42,0.0,0.0,0.0,0.0,0.0,0.0
7,11,density,54,43,15286.848,0.0,0.0,0.0,-15286.848,15286.848
7,11,density,54,44,0.0,0.0,0.0,0.0,0.0,0.0
7,11,density,54,45,0.0,0.0,0.0,0.0,0.0,0.0
7,11,density,54,46,0.0,0.0,0.0,0.0,0.0,0.0
7,11,density,54,47,0.0,0.0,0.0,0.0,0.0,0.0
7,11,density,54,48,0.0,0.0,0.0,0.0,0.0,0.0
7,11,density,54,49,0.0,0.0,0.0,0.0,0.0,0.0
7,11,density,54,50,0.0,0.0,0.0,0.0,0.0,0.0
7,11,density,54,51,0.0,0.0,0.0,0.0,0.0,0.0
7,11,density,54,52,0.0,0.0,0.0,0.0,0.0,0.0
7,11,density,54,53,0.0,0.0,0.0,0.0,0.0,0.0
7,11,density,54,54,0.0,0.0,0.0,0.0,0.0,0.0
7,11,density,54,55,0.0,0.0,0.0,0.0,0.0,0.0
7,11,density,54,56,0.0,0.0,0.0,0.0,0.0,0.0
7,11,density,54,57,0.0,0.0,0.0,0.0,0.0,0.0
7,11,density,54,58,0.0,0.0,0.0,0.0,0.0,0.0
7,11,density,54,59,0.0,0.0,0.0,0.0,0.0,0.0
7,11,density,54,60,0.0,0.0,0.0,0.0,0.0,0.0
7,11,density,54,61,0.0,0.0,0.0,0.0,0.0,0.0
7,11,density,54,62,0.0,0.0,0.0,0.0,0.0,0.0
7,11,density,54,63,0.0,0.0,0.0,0.0,0.0,0.0
7,11,density,55,0,0.0,0.0,0.0,0.0,0.0,0.0
7,11,density,55,1,0.0,0.0,0.0,0.0,0.0,0.0
7,11,density,55,2,0.0,0.0,0.0,0.0,0.0,0.0
7,11,density,55,3,0.0,0.0,0.0,0.0,0.0,0.0
7,11,density,55,4,0.0,0.0,0.0,0.0,0.0,0.0
7,11,density,55,5,0.0,0.0,0.0,0.0,0.0,0.0
7,11,density,55,6,0.0,0.0,0.0,0.0,0.0,0.0
7,11,density,55,7,0.0,0.0,0.0,0.0,0.0,0.0
7,11,density,55,8,0.0,0.0,0.0,0.0,0.0,0.0
7,11,density,55,9,0.0,0.0,0.0,0.0,0.0,0.0
7,11,density,55,10,0.0,0.0,0.0,0.0,0.0,0.0
7,11,density,55,11,0.0,0.0,0.0,0.0,0.0,0.0
7,11,density,55,12,0.0,0.0,0.0,0.0,0.0,0.0
7,11,density,55,13,0.0,0.0,0.0,0.0,0.0,0.0
7,11,density,55,14,0.0,0.0,0.0,0.0,0.0,0.0
7,11,density,55,15,0.0,0.0,0.0,0.0,0.0,0.0
7,11,density,55,16,0.0,0.0,0.0,0.0,0.0,0.0
7,11,density,55,17,0.0,0.0,0.0,0.0,0.0,0.0
7,11,density,55,18,0.0,0.0,0.0,0.0,0.0,0.0
7,11,density,55,19,0.0,0.0,0.0,0.0,0.0,0.0
7,11,density,55,20,0.0,0.0,0.0,0.0,0.0,0.0
7,11,density,55,21,0.0,0.0,0.0,0.0,0.0,0.0
7,11,density,55,22,0.0,0.0,0.0,0.0,0.0,0.0
7,11,density,55,23,0.0,0.0,0.0,0.0,0.0,0.0
7,11,density,55,24,0.0,0.0,0.0,0.0,0.0,0.0
7,11,density,55,25,0.0,0.0,0.0,0.0,0.0,0.0
7,11,density,55,26,0.0,0.0,0.0,0.0,0.0,0.0
7,11,density,55,27,0.0,0.0,0.0,0.0,0.0,0.0
7,11,density,55,28,0.0,0.0,0.0,0.0,0.0,0.0
7,11,density,55,29,0.0,0.0,0.0,0.0,0.0,0.0
7,11,density,55,30,0.0,0.0,0.0,0.0,0.0,0.0
7,11,density,55,31,0.0,0.0,0.0,0.0,0.0,0.0
7,11,density,55,32,0.0,0.0,0.0,0.0,0.0,0.0
7,11,density,55,33,0.0,0.0,0.0,0.0,0.0,0.0
7,11,density,55,34,0.0,0.0,0.0,0.0,0.0,0.0
7,11,density,55,35,0.0,0.0,0.0,0.0,0.0,0.0
7,11,density,55,36,0.0,0.0,0.0,0.0,0.0,0.0
7,11,density,55,37,0.0,0.0,0.0,0.0,0.0,0.0
7,11,density,55,38,0.0,0.0,0.0,0.0,0.0,0.0
7,11,density,55,39,0.0,0.0,0.0,0.0,0.0,0.0
7,11,density,55,40,0.0,0.0,0.0,0.0,0.0,0.0
7,11,density,55,41,0.0,0.0,0.0,0.0,0.0,0.0
7,11,density,55,42,0.0,0.0,0.0,0.0,0.0,0.0
7,11,density,55,43,0.0,0.0,0.0,0.0,0.0,0.0
7,11,density,55,44,0.0,0.0,0.0,0.0,0.0,0.0
7,11,density,55,45,0.0,0.0,0.0,0.0,0.0,0.0
7,11,density,55,46,0.0,0.0,0.0,0.0,0.0,0.0
7,11,density,55,47,0.0,0.0,0.0,0.0,0.0,0.0
7,11,density,55,48,0.0,0.0,0.0,0.0,0.0,0.0
7,11,density,55,49,0.0,0.0,0.0,0.0,0.0,0.0
7,11,density,55,50,0.0,0.0,0.0,0.0,0.0,0.0
7,11,density,55,51,0.0,0.0,0.0,0.0,0.0,0.0
7,11,density,55,52,0.0,0.0,0.0,0.0,0.0,0.0
7,11,density,55,53,0.0,0.0,0.0,0.0,0.0,0.0
7,11,density,55,54,0.0,0.0,0.0,0.0,0.0,0.0
7,11,density,55,55,0.0,0.0,0.0,0.0,0.0,0.0
7,11,density,55,56,0.0,0.0,0.0,0.0,0.0,0.0
7,11,density,55,57,0.0,0.0,0.0,0.0,0.0,0.0
7,11,density,55,58,0.0,0.0,0.0,0.0,0.0,0.0
7,11,density,55,59,0.0,0.0,0.0,0.0,0.0,0.0
7,11,density,55,60,0.0,0.0,0.0,0.0,0.0,0.0
7,11,density,55,61,0.0,0.0,0.0,0.0,0.0,0.0
7,11,density,55,62,0.0,0.0,0.0,0.0,0.0,0.0
7,11,density,55,63,0.0,0.0,0.0,0.0,0.0,0.0
7,11,density,56,0,0.0,0.0,0.0,0.0,0.0,0.0
7,11,density,56,1,0.0,0.0,0.0,0.0,0.0,0.0
7,11,density,56,2,0.0,0.0,0.0,0.0,0.0,0.0
7,11,density,56,3,0.0,0.0,0.0,0.0,0.0,0.0
7,11,density,56,4,0.0,0.0,0.0,0.0,0.0,0.0
7,11,density,56,5,0.0,0.0,0.0,0.0,0.0,0.0
7,11,density,56,6,0.0,0.0,0.0,0.0,0.0,0.0
7,11,density,56,7,0.0,0.0,0.0,0.0,0.0,0.0
7,11,density,56,8,0.0,0.0,0.0,0.0,0.0,0.0
7,11,density,56,9,0.0,0.0,0.0,0.0,0.0,0.0
7,11,density,56,10,0.0,0.0,0.0,0.0,0.0,0.0
7,11,density,56,11,0.0,0.0,0.0,0.0,0.0,0.0
7,11,density,56,12,0.0,0.0,0.0,0.0,0.0,0.0
7,11,density,56,13,0.0,0.0,0.0,0.0,0.0,0.0
7,11,density,56,14,0.0,0.0,0.0,0.0,0.0,0.0
7,11,density,56,15,0.0,0.0,0.0,0.0,0.0,0.0
7,11,density,56,16,0.0,0.0,0.0,0.0,0.0,0.0
7,11,density,56,17,0.0,0.0,0.0,0.0,0.0,0.0
7,11,density,56,18,0.0,0.0,0.0,0.0,0.0,0.0
7,11,density,56,19,0.0,0.0,0.0,0.0,0.0,0.0
7,11,density,56,20,0.0,0.0,0.0,0.0,0.0,0.0
7,11,density,56,21,0.0,0.0,0.0,0.0,0.0,0.0
7,11,density,56,22,0.0,0.0,0.0,0.0,0.0,0.0
7,11,density,56,23,0.0,0.0,0.0,0.0,0.0,0.0
7,11,density,56,24,0.0,0.0,0.0,0.0,0.0,0.0
7,11,density,56,25,0.0,0.0,0.0,0.0,0.0,0.0
7,11,density,56,26,0.0,0.0,0.0,0.0,0.0,0.0
7,11,density,56,27,0.0,0.0,0.0,0.0,0.0,0.0
7,11,density,56,28,0.0,0.0,0.0,0.0,0.0,0.0
7,11,density,56,29,0.0,0.0,0.0,0.0,0.0,0.0
7,11,density,56,30,0.0,0.0,0.0,0.0,0.0,0.0
7,11,density,56,31,0.0,0.0,0.0,0.0,0.0,0.0
7,11,density,56,32,0.0,0.0,0.0,0.0,0.0,0.0
7,11,density,56,33,0.0,0.0,0.0,0.0,0.0,0.0
7,11,density,56,34,0.0,0.0,0.0,0.0,0.0,0.0
7,11,density,56,35,0.0,0.0,0.0,0.0,0.0,0.0
7,11,density,56,36,0.0,0.0,0.0,0.0,0.0,0.0
7,11,density,56,37,0.0,0.0,0.0,0.0,0.0,0.0
7,11,density,56,38,0.0,0.0,0.0,0.0,0.0,0.0
7,11,density,56,39,0.0,0.0,0.0,0.0,0.0,0.0
7,11,density,56,40,0.0,0.0,0.0,0.0,0.0,0.0
7,11,density,56,41,0.0,0.0,0.0,0.0,0.0,0.0
7,11,density,56,42,0.0,0.0,0.0,0.0,0.0,0.0
7,11,density,56,43,0.0,0.0,0.0,0.0,0.0,0.0
7,11,density,56,44,0.0,0.0,0.0,0.0,0.0,0.0
7,11,density,56,45,0.0,0.0,0.0,0.0,0.0,0.0
7,11,density,56,46,0.0,0.0,0.0,0.0,0.0,0.0
7,11,density,56,47,0.0,0.0,0.0,0.0,0.0,0.0
7,11,density,56,48,0.0,0.0,0.0,0.0,0.0,0.0
7,11,density,56,49,0.0,0.0,0.0,0.0,0.0,0.0
7,11,density,56,50,0.0,0.0,0.0,0.0,0.0,0.0
7,11,density,56,51,0.0,0.0,0.0,0.0,0.0,0.0
7,11,density,56,52,0.0,0.0,0.0,0.0,0.0,0.0
7,11,density,56,53,0.0,0.0,0.0,0.0,0.0,0.0
7,11,density,56,54,0.0,0.0,0.0,0.0,0.0,0.0
7,11,density,56,55,0.0,0.0,0.0,0.0,0.0,0.0
7,11,density,56,56,0.0,0.0,0.0,0.0,0.0,0.0
7,11,density,56,57,0.0,0.0,0.0,0.0,0.0,0.0
7,11,density,56,58,0.0,0.0,0.0,0.0,0.0,0.0
7,11,density,56,59,0.0,0.0,0.0,0.0,0.0,0.0
7,11,density,56,60,0.0,0.0,0.0,0.0,0.0,0.0
7,11,density,56,61,0.0,0.0,0.0,0.0,0.0,0.0
7,11,density,56,62,0.0,0.0,0.0,0.0,0.0,0.0
7,11,density,56,63,0.0,0.0,0.0,0.0,0.0,0.0
7,11,density,57,0,0.0,0.0,0.0,0.0,0.0,0.0
7,11,density,57,1,0.0,0.0,0.0,0.0,0.0,0.0
7,11,density,57,2,0.0,0.0,0.0,0.0,0.0,0.0
7,11,density,57,3,0.0,0.0,0.0,0.0,0.0,0.0
7,11,density,57,4,0.0,0.0,0.0,0.0,0.0,0.0
7,11,density,57,5,0.0,0.0,0.0,0.0,0.0,0.0
7,11,density,57,6,0.0,0.0,0.0,0.0,0.0,0.0
7,11,density,57,7,0.0,0.0,0.0,0.0,0.0,0.0
7,11,density,57,8,0.0,0.0,0.0,0.0,0.0,0.0
7,11,density,57,9,0.0,0.0,0.0,0.0,0.0,0.0
7,11,density,57,10,0.0,0.0,0.0,0.0,0.0,0.0
7,11,density,57,11,0.0,0.0,0.0,0.0,0.0,0.0
7,11,density,57,12,0.0,0.0,0.0,0.0,0.0,0.0
7,11,density,57,13,0.0,0.0,0.0,0.0,0.0,0.0
7,11,density,57,14,0.0,0.0,0.0,0.0,0.0,0.0
7,11,density,57,15,0.0,0.0,0.0,0.0,0.0,0.0
7,11,density,57,16,0.0,0.0,0.0,0.0,0.0,0.0
7,11,density,57,17,0.0,0.0,0.0,0.0,0.0,0.0
7,11,density,57,18,0.0,0.0,0.0,0.0,0.0,0.0
7,11,density,57,19,0.0,0.0,0.0,0.0,0.0,0.0
7,11,density,57,20,0.0,0.0,0.0,0.0,0.0,0.0
7,11,density,57,21,0.0,0.0,0.0,0.0,0.0,0.0
7,11,density,57,22,0.0,0.0,0.0,0.0,0.0,0.0
7,11,density,57,23,0.0,0.0,0.0,0.0,0.0,0.0
7,11,density,57,24,0.0,0.0,0.0,0.0,0.0,0.0
7,11,density,57,25,0.0,0.0,0.0,0.0,0.0,0.0
7,11,density,57,26,0.0,0.0,0.0,0.0,0.0,0.0
7,11,density,57,27,0.0,0.0,0.0,0.0,0.0,0.0
7,11,density,57,28,0.0,0.0,0.0,0.0,0.0,0.0
7,11,density,57,29,0.0,0.0,0.0,0.0,0.0,0.0
7,11,density,57,30,0.0,0.0,0.0,0.0,0.0,0.0
7,11,density,57,31,0.0,0.0,0.0,0.0,0.0,0.0
7,11,density,57,32,0.0,0.0,0.0,0.0,0.0,0.0
7,11,density,57,33,0.0,0.0,0.0,0.0,0.0,0.0
7,11,density,57,34,0.0,0.0,0.0,0.0,0.0,0.0
7,11,density,57,35,0.0,0.0,0.0,0.0,0.0,0.0
7,11,density,57,36,0.0,0.0,0.0,0.0,0.0,0.0
7,11,density,57,37,0.0,0.0,0.0,0.0,0.0,0.0
7,11,density,57,38,0.0,0.0,0.0,0.0,0.0,0.0
7,11,density,57,39,0.0,0.0,0.0,0.0,0.0,0.0
7,11,density,57,40,0.0,0.0,0.0,0.0,0.0,0.0
7,11,density,57,41,0.0,0.0,0.0,0.0,0.0,0.0
7,11,density,57,42,0.0,0.0,0.0,0.0,0.0,0.0
7,11,density,57,43,0.0,0.0,0.0,0.0,0.0,0.0
7,11,density,57,44,0.0,0.0,0.0,0.0,0.0,0.0
7,11,density,57,45,0.0,0.0,0.0,0.0,0.0,0.0
7,11,density,57,46,0.0,0.0,0.0,0.0,0.0,0.0
7,11,density,57,47,0.0,0.0,0.0,0.0,0.0,0.0
7,11,density,57,48,0.0,0.0,0.0,0.0,0.0,0.0
7,11,density,57,49,0.0,0.0,0.0,0.0,0.0,0.0
7,11,density,57,50,0.0,0.0,0.0,0.0,0.0,0.0
7,11,density,57,51,0.0,0.0,0.0,0.0,0.0,0.0
7,11,density,57,52,0.0,0.0,0.0,0.0,0.0,0.0
7,11,density,57,53,0.0,0.0,0.0,0.0,0.0,0.0
7,11,density,57,54,0.0,0.0,0.0,0.0,0.0,0.0
7,11,density,57,55,0.0,0.0,0.0,0.0,0.0,0.0
7,11,density,57,56,0.0,0.0,0.0,0.0,0.0,0.0
7,11,density,57,57,0.0,0.0,0.0,0.0,0.0,0.0
7,11,density,57,58,0.0,0.0,0.0,0.0,0.0,0.0
7,11,density,57,59,0.0,0.0,0.0,0.0,0.0,0.0
7,11,density,57,60,0.0,0.0,0.0,0.0,0.0,0.0
7,11,density,57,61,0.0,0.0,0.0,0.0,0.0,0.0
7,11,density,57,62,0.0,0.0,0.0,0.0,0.0,0.0
7,11,density,57,63,0.0,0.0,0.0,0.0,0.0,0.0
7,11,density,58,0,0.0,0.0,0.0,0.0,0.0,0.0
7,11,density,58,1,0.0,0.0,0.0,0.0,0.0,0.0
7,11,density,58,2,0.0,0.0,0.0,0.0,0.0,0.0
7,11,density,58,3,0.0,0.0,0.0,0.0,0.0,0.0
7,11,density,58,4,0.0,0.0,0.0,0.0,0.0,0.0
7,11,density,58,5,0.0,0.0,0.0,0.0,0.0,0.0
7,11,density,58,6,0.0,0.0,0.0,0.0,0.0,0.0
7,11,density,58,7,0.0,0.0,0.0,0.0,0.0,0.0
7,11,density,58,8,0.0,0.0,0.0,0.0,0.0,0.0
7,11,density,58,9,0.0,0.0,0.0,0.0,0.0,0.0
7,11,density,58,10,0.0,0.0,0.0,0.0,0.0,0.0
7,11,density,58,11,0.0,0.0,0.0,0.0,0.0,0.0
7,11,density,58,12,0.0,0.0,0.0,0.0,0.0,0.0
7,11,density,58,13,0.0,0.0,0.0,0.0,0.0,0.0
7,11,density,58,14,0.0,0.0,0.0,0.0,0.0,0.0
7,11,density,58,15,0.0,0.0,0.0,0.0,0.0,0.0
7,11,density,58,16,0.0,0.0,0.0,0.0,0.0,0.0
7,11,density,58,17,0.0,0.0,0.0,0.0,0.0,0.0
7,11,density,58,18,0.0,0.0,0.0,0.0,0.0,0.0
7,11,density,58,19,0.0,0.0,0.0,0.0,0.0,0.0
7,11,density,58,20,0.0,0.0,0.0,0.0,0.0,0.0
7,11,density,58,21,0.0,0.0,0.0,0.0,0.0,0.0
7,11,density,58,22,0.0,0.0,0.0,0.0,0.0,0.0
7,11,density,58,23,0.0,0.0,0.0,0.0,0.0,0.0
7,11,density,58,24,0.0,0.0,0.0,0.0,0.0,0.0
7,11,density,58,25,0.0,0.0,0.0,0.0,0.0,0.0
7,11,density,58,26,0.0,0.0,0.0,0.0,0.0,0.0
7,11,density,58,27,0.0,0.0,0.0,0.0,0.0,0.0
7,11,density,58,28,0.0,0.0,0.0,0.0,0.0,0.0
7,11,density,58,29,0.0,0.0,0.0,0.0,0.0,0.0
7,11,density,58,30,0.0,0.0,0.0,0.0,0.0,0.0
7,11,density,58,31,0.0,0.0,0.0,0.0,0.0,0.0
7,11,density,58,32,0.0,0.0,0.0,0.0,0.0,0.0
7,11,density,58,33,0.0,0.0,0.0,0.0,0.0,0.0
7,11,density,58,34,0.0,0.0,0.0,0.0,0.0,0.0
7,11,density,58,35,0.0,0.0,0.0,0.0,0.0,0.0
7,11,density,58,36,0.0,0.0,0.0,0.0,0.0,0.0
7,11,density,58,37,0.0,0.0,0.0,0.0,0.0,0.0
7,11,density,58,38,0.0,0.0,0.0,0.0,0.0,0.0
7,11,density,58,39,0.0,0.0,0.0,0.0,0.0,0.0
7,11,density,58,40,0.0,0.0,0.0,0.0,0.0,0.0
7,11,density,58,41,0.0,0.0,0.0,0.0,0.0,0.0
7,11,density,58,42,0.0,0.0,0.0,0.0,0.0,0.0
7,11,density,58,43,0.0,0.0,0.0,0.0,0.0,0.0
7,11,density,58,44,0.0,0.0,0.0,0.0,0.0,0.0
7,11,density,58,45,0.0,0.0,0.0,0.0,0.0,0.0
7,11,density,58,46,0.0,0.0,0.0,0.0,0.0,0.0
7,11,density,58,47,0.0,0.0,0.0,0.0,0.0,0.0
7,11,density,58,48,0.0,0.0,0.0,0.0,0.0,0.0
7,11,density,58,49,0.0,0.0,0.0,0.0,0.0,0.0
7,11,density,58,50,0.0,0.0,0.0,0.0,0.0,0.0
7,11,density,58,51,0.0,0.0,0.0,0.0,0.0,0.0
7,11,density,58,52,0.0,0.0,0.0,0.0,0.0,0.0
7,11,density,58,53,0.0,0.0,0.0,0.0,0.0,0.0
7,11,density,58,54,0.0,0.0,0.0,0.0,0.0,0.0
7,11,density,58,55,0.0,0.0,0.0,0.0,0.0,0.0
7,11,density,58,56,0.0,0.0,0.0,0.0,0.0,0.0
7,11,density,58,57,0.0,0.0,0.0,0.0,0.0,0.0
7,11,density,58,58,0.0,0.0,0.0,0.0,0.0,0.0
7,11,density,58,59,0.0,0.0,0.0,0.0,0.0,0.0
7,11,density,58,60,0.0,0.0,0.0,0.0,0.0,0.0
7,11,density,58,61,0.0,0.0,0.0,0.0,0.0,0.0
7,11,density,58,62,0.0,0.0,0.0,0.0,0.0,0.0
7,11,density,58,63,0.0,0.0,0.0,0.0,0.0,0.0
7,11,density,59,0,0.0,0.0,0.0,0.0,0.0,0.0
7,11,density,59,1,0.0,0.0,0.0,0.0,0.0,0.0
7,11,density,59,2,0.0,0.0,0.0,0.0,0.0,0.0
7,11,density,59,3,0.0,0.0,0.0,0.0,0.0,0.0
7,11,density,59,4,0.0,0.0,0.0,0.0,0.0,0.0
7,11,density,59,5,0.0,0.0,0.0,0.0,0.0,0.0
7,11,density,59,6,0.0,0.0,0.0,0.0,0.0,0.0
7,11,density,59,7,0.0,0.0,0.0,0.0,0.0,0.0
7,11,density,59,8,0.0,0.0,0.0,0.0,0.0,0.0
7,11,density,59,9,0.0,0.0,0.0,0.0,0.0,0.0
7,11,density,59,10,0.0,0.0,0.0,0.0,0.0,0.0
7,11,density,59,11,0.0,0.0,0.0,0.0,0.0,0.0
7,11,density,59,12,0.0,0.0,0.0,0.0,0.0,0.0
7,11,density,59,13,0.0,0.0,0.0,0.0,0.0,0.0
7,11,density,59,14,0.0,0.0,0.0,0.0,0.0,0.0
7,11,density,59,15,0.0,0.0,0.0,0.0,0.0,0.0
7,11,density,59,16,0.0,0.0,0.0,0.0,0.0,0.0
7,11,density,59,17,0.0,0.0,0.0,0.0,0.0,0.0
7,11,density,59,18,0.0,0.0,0.0,0.0,0.0,0.0
7,11,density,59,19,0.0,0.0,0.0,0.0,0.0,0.0
7,11,density,59,20,0.0,0.0,0.0,0.0,0.0,0.0
7,11,density,59,21,0.0,0.0,0.0,0.0,0.0,0.0
7,11,density,59,22,0.0,0.0,0.0,0.0,0.0,0.0
7,11,density,59,23,0.0,0.0,0.0,0.0,0.0,0.0
7,11,density,59,24,0.0,0.0,0.0,0.0,0.0,0.0
7,11,density,59,25,0.0,0.0,0.0,0.0,0.0,0.0
7,11,density,59,26,0.0,0.0,0.0,0.0,0.0,0.0
7,11,density,59,27,0.0,0.0,0.0,0.0,0.0,0.0
7,11,density,59,28,0.0,0.0,0.0,0.0,0.0,0.0
7,11,density,59,29,0.0,0.0,0.0,0.0,0.0,0.0
7,11,density,59,30,0.0,0.0,0.0,0.0,0.0,0.0
7,11,density,59,31,0.0,0.0,0.0,0.0,0.0,0.0
7,11,density,59,32,0.0,0.0,0.0,0.0,0.0,0.0
7,11,density,59,33,0.0,0.0,0.0,0.0,0.0,0.0
7,11,density,59,34,0.0,0.0,0.0,0.0,0.0,0.0
7,11,density,59,35,0.0,0.0,0.0,0.0,0.0,0.0
7,11,density,59,36,0.0,0.0,0.0,0.0,0.0,0.0
7,11,density,59,37,0.0,0.0,0.0,0.0,0.0,0.0
7,11,density,59,38,0.0,0.0,0.0,0.0,0.0,0.0
7,11,density,59,39,0.0,0.0,0.0,0.0,0.0,0.0
7,11,density,59,40,0.0,0.0,0.0,0.0,0.0,0.0
7,11,density,59,41,0.0,0.0,0.0,0.0,0.0,0.0
7,11,density,59,42,0.0,0.0,0.0,0.0,0.0,0.0
7,11,density,59,43,0.0,0.0,0.0,0.0,0.0,0.0
7,11,density,59,44,0.0,0.0,0.0,0.0,0.0,0.0
7,11,density,59,45,0.0,0.0,0.0,0.0,0.0,0.0
7,11,density,59,46,0.0,0.0,0.0,0.0,0.0,0.0
7,11,density,59,47,0.0,0.0,0.0,0.0,0.0,0.0
7,11,density,59,48,0.0,0.0,0.0,0.0,0.0,0.0
7,11,density,59,49,0.0,0.0,0.0,0.0,0.0,0.0
7,11,density,59,50,0.0,0.0,0.0,0.0,0.0,0.0
7,11,density,59,51,0.0,0.0,0.0,0.0,0.0,0.0
7,11,density,59,52,0.0,0.0,0.0,0.0,0.0,0.0
7,11,density,59,53,0.0,0.0,0.0,0.0,0.0,0.0
7,11,density,59,54,0.0,0.0,0.0,0.0,0.0,0.0
7,11,density,59,55,0.0,0.0,0.0,0.0,0.0,0.0
7,11,density,59,56,0.0,0.0,0.0,0.0,0.0,0.0
7,11,density,59,57,0.0,0.0,0.0,0.0,0.0,0.0
7,11,density,59,58,0.0,0.0,0.0,0.0,0.0,0.0
7,11,density,59,59,0.0,0.0,0.0,0.0,0.0,0.0
7,11,density,59,60,0.0,0.0,0.0,0.0,0.0,0.0
7,11,density,59,61,0.0,0.0,0.0,0.0,0.0,0.0
7,11,density,59,62,0.0,0.0,0.0,0.0,0.0,0.0
7,11,density,59,63,0.0,0.0,0.0,0.0,0.0,0.0
7,11,density,60,0,0.0,0.0,0.0,0.0,0.0,0.0
7,11,density,60,1,0.0,0.0,0.0,0.0,0.0,0.0
7,11,density,60,2,0.0,0.0,0.0,0.0,0.0,0.0
7,11,density,60,3,0.0,0.0,0.0,0.0,0.0,0.0
7,11,density,60,4,0.0,0.0,0.0,0.0,0.0,0.0
7,11,density,60,5,0.0,0.0,0.0,0.0,0.0,0.0
7,11,density,60,6,0.0,0.0,0.0,0.0,0.0,0.0
7,11,density,60,7,0.0,0.0,0.0,0.0,0.0,0.0
7,11,density,60,8,0.0,0.0,0.0,0.0,0.0,0.0
7,11,density,60,9,0.0,0.0,0.0,0.0,0.0,0.0
7,11,density,60,10,0.0,0.0,0.0,0.0,0.0,0.0
7,11,density,60,11,0.0,0.0,0.0,0.0,0.0,0.0
7,11,density,60,12,0.0,0.0,0.0,0.0,0.0,0.0
7,11,density,60,13,0.0,0.0,0.0,0.0,0.0,0.0
7,11,density,60,14,0.0,0.0,0.0,0.0,0.0,0.0
7,11,density,60,15,0.0,0.0,0.0,0.0,0.0,0.0
7,11,density,60,16,0.0,0.0,0.0,0.0,0.0,0.0
7,11,density,60,17,0.0,0.0,0.0,0.0,0.0,0.0
7,11,density,60,18,0.0,0.0,0.0,0.0,0.0,0.0
7,11,density,60,19,0.0,0.0,0.0,0.0,0.0,0.0
7,11,density,60,20,0.0,0.0,0.0,0.0,0.0,0.0
7,11,density,60,21,0.0,0.0,0.0,0.0,0.0,0.0
7,11,density,60,22,0.0,0.0,0.0,0.0,0.0,0.0
7,11,density,60,23,0.0,0.0,0.0,0.0,0.0,0.0
7,11,density,60,24,0.0,0.0,0.0,0.0,0.0,0.0
7,11,density,60,25,0.0,0.0,0.0,0.0,0.0,0.0
7,11,density,60,26,0.0,0.0,0.0,0.0,0.0,0.0
7,11,density,60,27,0.0,0.0,0.0,0.0,0.0,0.0
7,11,density,60,28,0.0,0.0,0.0,0.0,0.0,0.0
7,11,density,60,29,0.0,0.0,0.0,0.0,0.0,0.0
7,11,density,60,30,0.0,0.0,0.0,0.0,0.0,0.0
7,11,density,60,31,0.0,0.0,0.0,0.0,0.0,0.0
7,11,density,60,32,0.0,0.0,0.0,0.0,0.0,0.0
7,11,density,60,33,0.0,0.0,0.0,0.0,0.0,0.0
7,11,density,60,34,0.0,0.0,0.0,0.0,0.0,0.0
7,11,density,60,35,0.0,0.0,0.0,0.0,0.0,0.0
7,11,density,60,36,0.0,0.0,0.0,0.0,0.0,0.0
7,11,density,60,37,0.0,0.0,0.0,0.0,0.0,0.0
7,11,density,60,38,0.0,0.0,0.0,0.0,0.0,0.0
7,11,density,60,39,0.0,0.0,0.0,0.0,0.0,0.0
7,11,density,60,40,0.0,0.0,0.0,0.0,0.0,0.0
7,11,density,60,41,0.0,0.0,0.0,0.0,0.0,0.0
7,11,density,60,42,0.0,0.0,0.0,0.0,0.0,0.0
7,11,density,60,43,0.0,0.0,0.0,0.0,0.0,0.0
7,11,density,60,44,0.0,0.0,0.0,0.0,0.0,0.0
7,11,density,60,45,0.0,0.0,0.0,0.0,0.0,0.0
7,11,density,60,46,0.0,0.0,0.0,0.0,0.0,0.0
7,11,density,60,47,0.0,0.0,0.0,0.0,0.0,0.0
7,11,density,60,48,0.0,0.0,0.0,0.0,0.0,0.0
7,11,density,60,49,0.0,0.0,0.0,0.0,0.0,0.0
7,11,density,60,50,0.0,0.0,0.0,0.0,0.0,0.0
7,11,density,60,51,0.0,0.0,0.0,0.0,0.0,0.0
7,11,density,60,52,0.0,0.0,0.0,0.0,0.0,0.0
7,11,density,60,53,0.0,0.0,0.0,0.0,0.0,0.0
7,11,density,60,54,0.0,0.0,0.0,0.0,0.0,0.0
7,11,density,60,55,0.0,0.0,0.0,0.0,0.0,0.0
7,11,density,60,56,0.0,0.0,0.0,0.0,0.0,0.0
7,11,density,60,57,0.0,0.0,0.0,0.0,0.0,0.0
7,11,density,60,58,0.0,0.0,0.0,0.0,0.0,0.0
7,11,density,60,59,0.0,0.0,0.0,0.0,0.0,0.0
7,11,density,60,60,0.0,0.0,0.0,0.0,0.0,0.0
7,11,density,60,61,0.0,0.0,0.0,0.0,0.0,0.0
7,11,density,60,62,0.0,0.0,0.0,0.0,0.0,0.0
7,11,density,60,63,0.0,0.0,0.0,0.0,0.0,0.0
7,11,density,61,0,0.0,0.0,0.0,0.0,0.0,0.0
7,11,density,61,1,0.0,0.0,0.0,0.0,0.0,0.0
7,11,density,61,2,0.0,0.0,0.0,0.0,0.0,0.0
7,11,density,61,3,0.0,0.0,0.0,0.0,0.0,0.0
7,11,density,61,4,0.0,0.0,0.0,0.0,0.0,0.0
7,11,density,61,5,0.0,0.0,0.0,0.0,0.0,0.0
7,11,density,61,6,0.0,0.0,0.0,0.0,0.0,0.0
7,11,density,61,7,0.0,0.0,0.0,0.0,0.0,0.0
7,11,density,61,8,0.0,0.0,0.0,0.0,0.0,0.0
7,11,density,61,9,0.0,0.0,0.0,0.0,0.0,0.0
7,11,density,61,10,0.0,0.0,0.0,0.0,0.0,0.0
7,11,density,61,11,0.0,0.0,0.0,0.0,0.0,0.0
7,11,density,61,12,0.0,0.0,0.0,0.0,0.0,0.0
7,11,density,61,13,0.0,0.0,0.0,0.0,0.0,0.0
7,11,density,61,14,0.0,0.0,0.0,0.0,0.0,0.0
7,11,density,61,15,0.0,0.0,0.0,0.0,0.0,0.0
7,11,density,61,16,0.0,0.0,0.0,0.0,0.0,0.0
7,11,density,61,17,0.0,0.0,0.0,0.0,0.0,0.0
7,11,density,61,18,0.0,0.0,0.0,0.0,0.0,0.0
7,11,density,61,19,0.0,0.0,0.0,0.0,0.0,0.0
7,11,density,61,20,0.0,0.0,0.0,0.0,0.0,0.0
7,11,density,61,21,0.0,0.0,0.0,0.0,0.0,0.0
7,11,density,61,22,0.0,0.0,0.0,0.0,0.0,0.0
7,11,density,61,23,0.0,0.0,0.0,0.0,0.0,0.0
7,11,density,61,24,0.0,0.0,0.0,0.0,0.0,0.0
7,11,density,61,25,0.0,0.0,0.0,0.0,0.0,0.0
7,11,density,61,26,0.0,0.0,0.0,0.0,0.0,0.0
7,11,density,61,27,0.0,0.0,0.0,0.0,0.0,0.0
7,11,density,61,28,0.0,0.0,0.0,0.0,0.0,0.0
7,11,density,61,29,0.0,0.0,0.0,0.0,0.0,0.0
7,11,density,61,30,0.0,0.0,0.0,0.0,0.0,0.0
7,11,density,61,31,0.0,0.0,0.0,0.0,0.0,0.0
7,11,density,61,32,0.0,0.0,0.0,0.0,0.0,0.0
7,11,density,61,33,0.0,0.0,0.0,0.0,0.0,0.0
7,11,density,61,34,0.0,0.0,0.0,0.0,0.0,0.0
7,11,density,61,35,0.0,0.0,0.0,0.0,0.0,0.0
7,11,density,61,36,0.0,0.0,0.0,0.0,0.0,0.0
7,11,density,61,37,0.0,0.0,0.0,0.0,0.0,0.0
7,11,density,61,38,0.0,0.0,0.0,0.0,0.0,0.0
7,11,density,61,39,0.0,0.0,0.0,0.0,0.0,0.0
7,11,density,61,40,0.0,0.0,0.0,0.0,0.0,0.0
7,11,density,61,41,0.0,0.0,0.0,0.0,0.0,0.0
7,11,density,61,42,0.0,0.0,0.0,0.0,0.0,0.0
7,11,density,61,43,0.0,0.0,0.0,0.0,0.0,0.0
7,11,density,61,44,0.0,0.0,0.0,0.0,0.0,0.0
7,11,density,61,45,0.0,0.0,0.0,0.0,0.0,0.0
7,11,density,61,46,0.0,0.0,0.0,0.0,0.0,0.0
7,11,density,61,47,0.0,0.0,0.0,0.0,0.0,0.0
7,11,density,61,48,0.0,0.0,0.0,0.0,0.0,0.0
7,11,density,61,49,0.0,0.0,0.0,0.0,0.0,0.0
7,11,density,61,50,0.0,0.0,0.0,0.0,0.0,0.0
7,11,density,61,51,0.0,0.0,0.0,0.0,0.0,0.0
7,11,density,61,52,0.0,0.0,0.0,0.0,0.0,0.0
7,11,density,61,53,0.0,0.0,0.0,0.0,0.0,0.0
7,11,density,61,54,0.0,0.0,0.0,0.0,0.0,0.0
7,11,density,61,55,0.0,0.0,0.0,0.0,0.0,0.0
7,11,density,61,56,0.0,0.0,0.0,0.0,0.0,0.0
7,11,density,61,57,0.0,0.0,0.0,0.0,0.0,0.0
7,11,density,61,58,0.0,0.0,0.0,0.0,0.0,0.0
7,11,density,61,59,0.0,0.0,0.0,0.0,0.0,0.0
7,11,density,61,60,0.0,0.0,0.0,0.0,0.0,0.0
7,11,density,61,61,0.0,0.0,0.0,0.0,0.0,0.0
7,11,density,61,62,0.0,0.0,0.0,0.0,0.0,0.0
7,11,density,61,63,0.0,0.0,0.0,0.0,0.0,0.0
7,11,density,62,0,0.0,0.0,0.0,0.0,0.0,0.0
7,11,density,62,1,0.0,0.0,0.0,0.0,0.0,0.0
7,11,density,62,2,0.0,0.0,0.0,0.0,0.0,0.0
7,11,density,62,3,0.0,0.0,0.0,0.0,0.0,0.0
7,11,density,62,4,0.0,0.0,0.0,0.0,0.0,0.0
7,11,density,62,5,0.0,0.0,0.0,0.0,0.0,0.0
7,11,density,62,6,0.0,0.0,0.0,0.0,0.0,0.0
7,11,density,62,7,0.0,0.0,0.0,0.0,0.0,0.0
7,11,density,62,8,0.0,0.0,0.0,0.0,0.0,0.0
7,11,density,62,9,0.0,0.0,0.0,0.0,0.0,0.0
7,11,density,62,10,0.0,0.0,0.0,0.0,0.0,0.0
7,11,density,62,11,0.0,0.0,0.0,0.0,0.0,0.0
7,11,density,62,12,0.0,0.0,0.0,0.0,0.0,0.0
7,11,density,62,13,0.0,0.0,0.0,0.0,0.0,0.0
7,11,density,62,14,0.0,0.0,0.0,0.0,0.0,0.0
7,11,density,62,15,0.0,0.0,0.0,0.0,0.0,0.0
7,11,density,62,16,0.0,0.0,0.0,0.0,0.0,0.0
7,11,density,62,17,0.0,0.0,0.0,0.0,0.0,0.0
7,11,density,62,18,0.0,0.0,0.0,0.0,0.0,0.0
7,11,density,62,19,0.0,0.0,0.0,0.0,0.0,0.0
7,11,density,62,20,0.0,0.0,0.0,0.0,0.0,0.0
7,11,density,62,21,0.0,0.0,0.0,0.0,0.0,0.0
7,11,density,62,22,0.0,0.0,0.0,0.0,0.0,0.0
7,11,density,62,23,0.0,0.0,0.0,0.0,0.0,0.0
7,11,density,62,24,0.0,0.0,0.0,0.0,0.0,0.0
7,11,density,62,25,0.0,0.0,0.0,0.0,0.0,0.0
7,11,density,62,26,0.0,0.0,0.0,0.0,0.0,0.0
7,11,density,62,27,0.0,0.0,0.0,0.0,0.0,0.0
7,11,density,62,28,0.0,0.0,0.0,0.0,0.0,0.0
7,11,density,62,29,0.0,0.0,0.0,0.0,0.0,0.0
7,11,density,62,30,0.0,0.0,0.0,0.0,0.0,0.0
7,11,density,62,31,0.0,0.0,0.0,0.0,0.0,0.0
7,11,density,62,32,0.0,0.0,0.0,0.0,0.0,0.0
7,11,density,62,33,0.0,0.0,0.0,0.0,0.0,0.0
7,11,density,62,34,0.0,0.0,0.0,0.0,0.0,0.0
7,11,density,62,35,0.0,0.0,0.0,0.0,0.0,0.0
7,11,density,62,36,0.0,0.0,0.0,0.0,0.0,0.0
7,11,density,62,37,0.0,0.0,0.0,0.0,0.0,0.0
7,11,density,62,38,0.0,0.0,0.0,0.0,0.0,0.0
7,11,density,62,39,0.0,0.0,0.0,0.0,0.0,0.0
7,11,density,62,40,0.0,0.0,0.0,0.0,0.0,0.0
7,11,density,62,41,0.0,0.0,0.0,0.0,0.0,0.0
7,11,density,62,42,0.0,0.0,0.0,0.0,0.0,0.0
7,11,density,62,43,0.0,0.0,0.0,0.0,0.0,0.0
7,11,density,62,44,0.0,0.0,0.0,0.0,0.0,0.0
7,11,density,62,45,0.0,0.0,0.0,0.0,0.0,0.0
7,11,density,62,46,0.0,0.0,0.0,0.0,0.0,0.0
7,11,density,62,47,0.0,0.0,0.0,0.0,0.0,0.0
7,11,density,62,48,0.0,0.0,0.0,0.0,0.0,0.0
7,11,density,62,49,0.0,0.0,0.0,0.0,0.0,0.0
7,11,density,62,50,0.0,0.0,0.0,0.0,0.0,0.0
7,11,density,62,51,0.0,0.0,0.0,0.0,0.0,0.0
7,11,density,62,52,0.0,0.0,0.0,0.0,0.0,0.0
7,11,density,62,53,0.0,0.0,0.0,0.0,0.0,0.0
7,11,density,62,54,0.0,0.0,0.0,0.0,0.0,0.0
7,11,density,62,55,0.0,0.0,0.0,0.0,0.0,0.0
7,11,density,62,56,0.0,0.0,0.0,0.0,0.0,0.0
7,11,density,62,57,0.0,0.0,0.0,0.0,0.0,0.0
7,11,density,62,58,0.0,0.0,0.0,0.0,0.0,0.0
7,11,density,62,59,0.0,0.0,0.0,0.0,0.0,0.0
7,11,density,62,60,0.0,0.0,0.0,0.0,0.0,0.0
7,11,density,62,61,0.0,0.0,0.0,0.0,0.0,0.0
7,11,density,62,62,0.0,0.0,0.0,0.0,0.0,0.0
7,11,density,62,63,0.0,0.0,0.0,0.0,0.0,0.0
7,11,density,63,0,0.0,0.0,0.0,0.0,0.0,0.0
7,11,density,63,1,0.0,0.0,0.0,0.0,0.0,0.0
7,11,density,63,2,0.0,0.0,0.0,0.0,0.0,0.0
7,11,density,63,3,0.0,0.0,0.0,0.0,0.0,0.0
7,11,density,63,4,0.0,0.0,0.0,0.0,0.0,0.0
7,11,density,63,5,0.0,0.0,0.0,0.0,0.0,0.0
7,11,density,63,6,0.0,0.0,0.0,0.0,0.0,0.0
7,11,density,63,7,0.0,0.0,0.0,0.0,0.0,0.0
7,11,density,63,8,0.0,0.0,0.0,0.0,0.0,0.0
7,11,density,63,9,0.0,0.0,0.0,0.0,0.0,0.0
7,11,density,63,10,0.0,0.0,0.0,0.0,0.0,0.0
7,11,density,63,11,0.0,0.0,0.0,0.0,0.0,0.0
7,11,density,63,12,0.0,0.0,0.0,0.0,0.0,0.0
7,11,density,63,13,0.0,0.0,0.0,0.0,0.0,0.0
7,11,density,63,14,0.0,0.0,0.0,0.0,0.0,0.0
7,11,density,63,15,0.0,0.0,0.0,0.0,0.0,0.0
7,11,density,63,16,0.0,0.0,0.0,0.0,0.0,0.0
7,11,density,63,17,0.0,0.0,0.0,0.0,0.0,0.0
7,11,density,63,18,0.0,0.0,0.0,0.0,0.0,0.0
7,11,density,63,19,0.0,0.0,0.0,0.0,0.0,0.0
7,11,density,63,20,0.0,0.0,0.0,0.0,0.0,0.0
7,11,density,63,21,0.0,0.0,0.0,0.0,0.0,0.0
7,11,density,63,22,0.0,0.0,0.0,0.0,0.0,0.0
7,11,density,63,23,0.0,0.0,0.0,0.0,0.0,0.0
7,11,density,63,24,0.0,0.0,0.0,0.0,0.0,0.0
7,11,density,63,25,0.0,0.0,0.0,0.0,0.0,0.0
7,11,density,63,26,0.0,0.0,0.0,0.0,0.0,0.0
7,11,density,63,27,0.0,0.0,0.0,0.0,0.0,0.0
7,11,density,63,28,0.0,0.0,0.0,0.0,0.0,0.0
7,11,density,63,29,0.0,0.0,0.0,0.0,0.0,0.0
7,11,density,63,30,0.0,0.0,0.0,0.0,0.0,0.0
7,11,density,63,31,0.0,0.0,0.0,0.0,0.0,0.0
7,11,density,63,32,0.0,0.0,0.0,0.0,0.0,0.0
7,11,density,63,33,0.0,0.0,0.0,0.0,0.0,0.0
7,11,density,63,34,0.0,0.0,0.0,0.0,0.0,0.0
7,11,density,63,35,0.0,0.0,0.0,0.0,0.0,0.0
7,11,density,63,36,0.0,0.0,0.0,0.0,0.0,0.0
7,11,density,63,37,0.0,0.0,0.0,0.0,0.0,0.0
7,11,density,63,38,0.0,0.0,0.0,0.0,0.0,0.0
7,11,density,63,39,0.0,0.0,0.0,0.0,0.0,0.0
7,11,density,63,40,0.0,0.0,0.0,0.0,0.0,0.0
7,11,density,63,41,0.0,0.0,0.0,0.0,0.0,0.0
7,11,density,63,42,0.0,0.0,0.0,0.0,0.0,0.0
7,11,density,63,43,0.0,0.0,0.0,0.0,0.0,0.0
7,11,density,63,44,0.0,0.0,0.0,0.0,0.0,0.0
7,11,density,63,45,0.0,0.0,0.0,0.0,0.0,0.0
7,11,density,63,46,0.0,0.0,0.0,0.0,0.0,0.0
7,11,density,63,47,0.0,0.0,0.0,0.0,0.0,0.0
7,11,density,63,48,0.0,0.0,0.0,0.0,0.0,0.0
7,11,density,63,49,0.0,0.0,0.0,0.0,0.0,0.0
7,11,density,63,50,0.0,0.0,0.0,0.0,0.0,0.0
7,11,density,63,51,0.0,0.0,0.0,0.0,0.0,0.0
7,11,density,63,52,0.0,0.0,0.0,0.0,0.0,0.0
7,11,density,63,53,0.0,0.0,0.0,0.0,0.0,0.0
7,11,density,63,54,0.0,0.0,0.0,0.0,0.0,0.0
7,11,density,63,55,0.0,0.0,0.0,0.0,0.0,0.0
7,11,density,63,56,0.0,0.0,0.0,0.0,0.0,0.0
7,11,density,63,57,0.0,0.0,0.0,0.0,0.0,0.0
7,11,density,63,58,0.0,0.0,0.0,0.0,0.0,0.0
7,11,density,63,59,0.0,0.0,0.0,0.0,0.0,0.0
7,11,density,63,60,0.0,0.0,0.0,0.0,0.0,0.0
7,11,density,63,61,0.0,0.0,0.0,0.0,0.0,0.0
7,11,density,63,62,0.0,0.0,0.0,0.0,0.0,0.0
7,11,density,63,63,0.0,0.0,0.0,0.0,0.0,0.0
