{
  "split": "test",
  "n_samples": 51,
  "mse_latent": 613239.2610294118,
  "mse_field": 123761735.84313725
}