{
  "split": "test",
  "n_samples": 409,
  "mse_latent": 9102.909375477537,
  "mse_field": 55478969.90709046
}