{
  "split": "test",
  "n_samples": 51,
  "mse_latent": 205138751.05882353,
  "mse_field": 27931241577.411766
}